s,x,y,z,station
0.00,0.000,0.000,0.000,1
5.00,5.000,0.000,0.004,0
10.00,10.000,0.000,0.010,0
15.00,15.000,0.000,0.017,0
20.00,20.000,0.000,0.027,0
25.00,25.000,0.000,0.039,0
30.00,30.000,0.000,0.053,0
35.00,35.000,0.000,0.070,0
40.00,40.000,0.000,0.090,0
45.00,45.000,0.000,0.112,0
50.00,50.000,0.000,0.136,0
55.00,55.000,0.000,0.164,0
60.00,60.000,0.000,0.194,0
65.00,65.000,0.000,0.226,0
70.00,70.000,0.000,0.261,0
75.00,75.000,0.000,0.299,0
80.00,80.000,0.000,0.339,0
85.00,85.000,0.000,0.381,0
90.00,90.000,0.000,0.427,0
95.00,95.000,0.000,0.475,0
100.00,100.000,0.000,0.525,0
105.00,105.000,0.000,0.578,0
110.00,110.000,0.000,0.634,0
115.00,115.000,0.000,0.692,0
120.00,120.000,0.000,0.752,0
125.00,125.000,0.000,0.816,0
130.00,130.000,0.000,0.882,0
135.00,135.000,0.000,0.950,0
140.00,140.000,0.000,1.021,0
145.00,145.000,0.000,1.095,0
150.00,150.000,0.000,1.171,0
155.00,155.000,0.000,1.250,0
160.00,160.000,0.000,1.331,0
165.00,165.000,0.000,1.415,0
170.00,170.000,0.000,1.501,0
175.00,175.000,0.000,1.590,0
180.00,180.000,0.000,1.682,0
185.00,185.000,0.000,1.776,0
190.00,190.000,0.000,1.873,0
195.00,195.000,0.000,1.972,0
200.00,200.000,0.000,2.074,0
205.00,205.000,0.000,2.178,0
210.00,210.000,0.000,2.285,0
215.00,215.000,0.000,2.395,0
220.00,220.000,0.000,2.507,0
225.00,225.000,0.000,2.622,0
230.00,230.000,0.000,2.739,0
235.00,235.000,0.000,2.859,0
240.00,240.000,0.000,2.982,0
245.00,245.000,0.000,3.107,0
250.00,250.000,0.000,3.234,0
255.00,255.000,0.000,3.365,0
260.00,260.000,0.000,3.497,0
265.00,265.000,0.000,3.633,0
270.00,270.000,0.000,3.771,0
275.00,275.000,0.000,3.911,0
280.00,280.000,0.000,4.054,0
285.00,285.000,0.000,4.200,0
290.00,290.000,0.000,4.348,0
295.00,295.000,0.000,4.499,0
300.00,300.000,0.000,4.652,0
305.00,305.000,0.000,4.808,0
310.00,310.000,0.000,4.966,0
315.00,315.000,0.000,5.128,0
320.00,320.000,0.000,5.291,0
325.00,324.992,0.250,5.457,0
330.00,329.947,0.914,5.626,0
335.00,334.828,1.989,5.796,0
340.00,339.604,3.466,5.969,0
345.00,344.240,5.336,6.142,0
350.00,348.704,7.585,6.317,0
355.00,352.965,10.197,6.492,0
360.00,356.994,13.156,6.668,0
365.00,360.763,16.439,6.843,0
370.00,364.246,20.025,7.019,0
375.00,367.418,23.888,7.193,0
380.00,370.257,28.002,7.367,0
385.00,372.959,32.209,7.540,0
390.00,375.660,36.417,7.713,0
395.00,378.362,40.624,7.884,0
400.00,381.063,44.831,8.055,0
405.00,383.765,49.039,8.225,0
410.00,386.466,53.246,8.394,0
415.00,389.168,57.453,8.563,0
420.00,391.869,61.661,8.730,0
425.00,394.571,65.868,8.897,0
430.00,397.272,70.076,9.063,0
435.00,399.974,74.283,9.228,0
440.00,402.675,78.490,9.393,0
445.00,405.377,82.698,9.556,0
450.00,408.078,86.905,9.719,0
455.00,410.780,91.112,9.882,0
460.00,413.481,95.320,10.043,0
465.00,416.183,99.527,10.203,0
470.00,418.884,103.734,10.363,0
475.00,421.586,107.942,10.522,0
480.00,424.287,112.149,10.680,0
485.00,426.989,116.356,10.838,0
490.00,429.690,120.564,10.994,0
495.00,432.392,124.771,11.150,0
500.00,435.094,128.978,11.305,0
505.00,437.795,133.186,11.459,0
510.00,440.497,137.393,11.613,0
515.00,443.198,141.601,11.765,0
520.00,445.900,145.808,11.917,0
525.00,448.601,150.015,12.068,0
530.00,451.303,154.223,12.219,0
535.00,454.004,158.430,12.368,0
540.00,456.706,162.637,12.517,0
545.00,459.407,166.845,12.665,0
550.00,462.109,171.052,12.812,0
555.00,464.810,175.259,12.958,0
560.00,467.512,179.467,13.104,0
565.00,470.213,183.674,13.249,0
570.00,472.915,187.881,13.393,0
575.00,475.616,192.089,13.536,0
580.00,478.318,196.296,13.678,0
585.00,481.019,200.504,13.820,0
590.00,483.721,204.711,13.961,0
595.00,486.422,208.918,14.101,0
600.00,489.124,213.126,14.240,0
605.00,491.825,217.333,14.379,1
610.00,494.527,221.540,14.517,0
615.00,497.228,225.748,14.653,0
620.00,499.930,229.955,14.790,0
625.00,502.631,234.162,14.925,0
630.00,505.333,238.370,15.060,0
635.00,508.034,242.577,15.193,0
640.00,510.736,246.784,15.326,0
645.00,513.437,250.992,15.458,0
650.00,516.139,255.199,15.590,0
655.00,518.840,259.406,15.721,0
660.00,521.542,263.614,15.850,0
665.00,524.243,267.821,15.979,0
670.00,526.945,272.029,16.108,0
675.00,529.646,276.236,16.235,0
680.00,532.348,280.443,16.361,0
685.00,535.049,284.651,16.486,0
690.00,537.751,288.858,16.609,0
695.00,540.452,293.065,16.731,0
700.00,543.154,297.273,16.850,0
705.00,545.855,301.480,16.966,0
710.00,548.557,305.687,17.080,0
715.00,551.259,309.895,17.191,0
720.00,553.960,314.102,17.298,0
725.00,556.662,318.309,17.402,0
730.00,559.363,322.517,17.502,0
735.00,562.065,326.724,17.599,0
740.00,564.766,330.932,17.692,0
745.00,567.468,335.139,17.782,0
750.00,570.169,339.346,17.868,0
755.00,572.871,343.554,17.950,0
760.00,575.572,347.761,18.029,0
765.00,578.274,351.968,18.105,0
770.00,580.975,356.176,18.176,0
775.00,583.677,360.383,18.245,0
780.00,586.378,364.590,18.309,0
785.00,589.080,368.798,18.370,0
790.00,591.781,373.005,18.428,0
795.00,594.483,377.212,18.482,0
800.00,597.184,381.420,18.532,0
805.00,599.886,385.627,18.579,0
810.00,602.587,389.834,18.622,0
815.00,605.289,394.042,18.662,0
820.00,607.990,398.249,18.698,0
825.00,610.692,402.457,18.731,0
830.00,613.393,406.664,18.760,0
835.00,616.095,410.871,18.785,0
840.00,618.796,415.079,18.807,0
845.00,621.498,419.286,18.825,0
850.00,624.199,423.493,18.840,0
855.00,626.901,427.701,18.851,0
860.00,629.602,431.908,18.859,0
865.00,632.304,436.115,18.863,0
870.00,635.005,440.323,18.863,0
875.00,637.707,444.530,18.860,0
880.00,640.408,448.737,18.854,0
885.00,643.110,452.945,18.843,0
890.00,645.811,457.152,18.830,0
895.00,648.513,461.360,18.812,0
900.00,651.214,465.567,18.791,0
905.00,653.916,469.774,18.767,0
910.00,656.617,473.982,18.739,0
915.00,659.319,478.189,18.707,0
920.00,662.020,482.396,18.672,0
925.00,665.125,486.309,18.633,0
930.00,668.836,489.652,18.591,0
935.00,673.049,492.333,18.545,0
940.00,677.650,494.278,18.496,0
945.00,682.509,495.432,18.443,0
950.00,687.492,495.765,18.386,0
955.00,692.462,495.267,18.326,0
960.00,697.280,493.950,18.262,0
965.00,701.812,491.853,18.195,0
970.00,706.200,489.456,18.124,0
975.00,710.588,487.059,18.050,0
980.00,714.976,484.662,17.972,0
985.00,719.364,482.265,17.890,0
990.00,723.752,479.868,17.805,0
995.00,728.140,477.471,17.716,0
1000.00,732.528,475.073,17.624,0
1005.00,736.916,472.676,17.528,0
1010.00,741.304,470.279,17.429,0
1015.00,745.691,467.882,17.326,0
1020.00,750.079,465.485,17.219,0
1025.00,754.467,463.088,17.110,0
1030.00,758.855,460.691,16.997,0
1035.00,763.243,458.294,16.882,0
1040.00,767.631,455.896,16.765,0
1045.00,772.019,453.499,16.646,0
1050.00,776.407,451.102,16.526,0
1055.00,780.795,448.705,16.405,0
1060.00,785.183,446.308,16.284,0
1065.00,789.571,443.911,16.163,0
1070.00,793.959,441.514,16.041,0
1075.00,798.346,439.117,15.921,0
1080.00,802.734,436.719,15.801,0
1085.00,807.122,434.322,15.681,0
1090.00,811.510,431.925,15.562,0
1095.00,815.898,429.528,15.443,0
1100.00,820.286,427.131,15.325,0
1105.00,824.674,424.734,15.207,0
1110.00,829.062,422.337,15.090,0
1115.00,833.450,419.939,14.973,0
1120.00,837.838,417.542,14.857,0
1125.00,842.226,415.145,14.741,0
1130.00,846.613,412.748,14.626,0
1135.00,851.001,410.351,14.511,0
1140.00,855.389,407.954,14.396,0
1145.00,859.777,405.557,14.283,0
1150.00,864.165,403.160,14.169,0
1155.00,868.553,400.762,14.056,0
1160.00,872.941,398.365,13.944,0
1165.00,877.329,395.968,13.832,0
1170.00,881.717,393.571,13.721,0
1175.00,886.105,391.174,13.610,0
1180.00,890.493,388.777,13.499,0
1185.00,894.881,386.380,13.389,0
1190.00,899.268,383.983,13.280,0
1195.00,903.656,381.585,13.171,0
1200.00,908.044,379.188,13.062,0
1205.00,912.432,376.791,12.954,0
1210.00,916.820,374.394,12.847,0
1215.00,921.208,371.997,12.740,0
1220.00,925.596,369.600,12.633,0
1225.00,929.984,367.203,12.527,0
1230.00,934.372,364.806,12.421,0
1235.00,938.760,362.408,12.316,0
1240.00,943.148,360.011,12.212,1
1245.00,947.535,357.614,12.107,0
1250.00,951.923,355.217,12.004,0
1255.00,956.311,352.820,11.901,0
1260.00,960.699,350.423,11.798,0
1265.00,965.087,348.026,11.696,0
1270.00,969.475,345.629,11.594,0
1275.00,973.863,343.231,11.493,0
1280.00,978.251,340.834,11.392,0
1285.00,982.639,338.437,11.292,0
1290.00,987.027,336.040,11.192,0
1295.00,991.415,333.643,11.093,0
1300.00,995.803,331.246,10.994,0
1305.00,1000.190,328.849,10.896,0
1310.00,1004.578,326.452,10.798,0
1315.00,1008.966,324.054,10.700,0
1320.00,1013.354,321.657,10.604,0
1325.00,1017.742,319.260,10.507,0
1330.00,1022.130,316.863,10.411,0
1335.00,1026.518,314.466,10.316,0
1340.00,1030.906,312.069,10.221,0
1345.00,1035.294,309.672,10.127,0
1350.00,1039.705,307.319,10.033,0
1355.00,1044.156,305.039,9.939,0
1360.00,1048.643,302.834,9.846,0
1365.00,1053.167,300.705,9.754,0
1370.00,1057.725,298.651,9.662,0
1375.00,1062.318,296.673,9.571,0
1380.00,1066.942,294.772,9.481,0
1385.00,1071.598,292.949,9.393,0
1390.00,1076.283,291.203,9.306,0
1395.00,1080.997,289.535,9.222,0
1400.00,1085.737,287.947,9.141,0
1405.00,1090.504,286.437,9.062,0
1410.00,1095.295,285.008,8.986,0
1415.00,1100.110,283.658,8.913,0
1420.00,1104.946,282.389,8.845,0
1425.00,1109.802,281.200,8.780,0
1430.00,1114.678,280.093,8.719,0
1435.00,1119.572,279.067,8.661,0
1440.00,1124.482,278.123,8.607,0
1445.00,1129.407,277.260,8.557,0
1450.00,1134.345,276.480,8.511,0
1455.00,1139.296,275.782,8.468,0
1460.00,1144.258,275.167,8.429,0
1465.00,1149.230,274.635,8.394,0
1470.00,1154.210,274.186,8.362,0
1475.00,1159.196,273.819,8.334,0
1480.00,1164.188,273.536,8.310,0
1485.00,1169.184,273.336,8.290,0
1490.00,1174.183,273.219,8.273,0
1495.00,1179.182,273.186,8.260,0
1500.00,1184.182,273.236,8.251,0
1505.00,1189.180,273.369,8.245,0
1510.00,1194.176,273.586,8.243,0
1515.00,1199.167,273.886,8.245,0
1520.00,1204.152,274.269,8.251,0
1525.00,1209.130,274.735,8.260,0
1530.00,1214.100,275.284,8.273,0
1535.00,1219.060,275.915,8.290,0
1540.00,1224.008,276.630,8.310,0
1545.00,1228.944,277.426,8.335,0
1550.00,1233.866,278.305,8.363,0
1555.00,1238.773,279.265,8.394,0
1560.00,1243.663,280.308,8.429,0
1565.00,1248.535,281.431,8.468,0
1570.00,1253.400,282.588,8.511,0
1575.00,1258.264,283.744,8.558,0
1580.00,1263.129,284.900,8.608,0
1585.00,1267.993,286.056,8.662,0
1590.00,1272.858,287.212,8.719,0
1595.00,1277.722,288.368,8.781,0
1600.00,1282.587,289.524,8.846,0
1605.00,1287.451,290.680,8.914,0
1610.00,1292.316,291.836,8.987,0
1615.00,1297.180,292.992,9.063,0
1620.00,1302.045,294.149,9.143,0
1625.00,1306.909,295.305,9.226,0
1630.00,1311.774,296.461,9.314,0
1635.00,1316.638,297.617,9.405,0
1640.00,1321.503,298.773,9.499,0
1645.00,1326.367,299.929,9.598,0
1650.00,1331.232,301.085,9.700,0
1655.00,1336.096,302.241,9.806,0
1660.00,1340.961,303.397,9.916,0
1665.00,1345.825,304.554,10.029,0
1670.00,1350.690,305.710,10.146,0
1675.00,1355.555,306.866,10.267,0
1680.00,1360.419,308.022,10.391,0
1685.00,1365.284,309.178,10.519,0
1690.00,1370.148,310.334,10.651,0
1695.00,1375.013,311.490,10.787,0
1700.00,1379.877,312.646,10.926,0
1705.00,1384.742,313.802,11.069,0
1710.00,1389.606,314.959,11.216,0
1715.00,1394.471,316.115,11.366,0
1720.00,1399.335,317.271,11.519,0
1725.00,1404.200,318.427,11.675,0
1730.00,1409.064,319.583,11.831,0
1735.00,1413.929,320.739,11.988,1
1740.00,1418.793,321.895,12.144,0
1745.00,1423.658,323.051,12.298,0
1750.00,1428.522,324.207,12.450,0
1755.00,1433.387,325.364,12.598,0
1760.00,1438.251,326.520,12.742,0
1765.00,1443.116,327.676,12.880,0
1770.00,1447.980,328.832,13.013,0
1775.00,1452.845,329.988,13.141,0
1780.00,1457.709,331.144,13.262,0
1785.00,1462.574,332.300,13.378,0
1790.00,1467.438,333.456,13.489,0
1795.00,1472.303,334.612,13.594,0
1800.00,1477.167,335.769,13.693,0
1805.00,1482.032,336.925,13.786,0
1810.00,1486.896,338.081,13.874,0
1815.00,1491.761,339.237,13.957,0
1820.00,1496.625,340.393,14.033,0
1825.00,1501.490,341.549,14.105,0
1830.00,1506.354,342.705,14.170,0
1835.00,1511.219,343.861,14.230,0
1840.00,1516.083,345.017,14.284,0
1845.00,1520.948,346.174,14.333,0
1850.00,1525.812,347.330,14.376,0
1855.00,1530.677,348.486,14.413,0
1860.00,1535.541,349.642,14.445,0
1865.00,1540.406,350.798,14.471,0
1870.00,1545.270,351.954,14.491,0
1875.00,1550.135,353.110,14.506,0
1880.00,1554.999,354.266,14.515,0
1885.00,1559.864,355.422,14.519,0
1890.00,1564.728,356.578,14.517,0
1895.00,1569.593,357.735,14.509,0
1900.00,1574.457,358.891,14.496,0
1905.00,1579.322,360.047,14.477,0
1910.00,1584.186,361.203,14.453,0
1915.00,1589.051,362.359,14.423,0
1920.00,1593.915,363.515,14.387,0
1925.00,1598.780,364.671,14.345,0
1930.00,1603.644,365.827,14.298,0
1935.00,1608.509,366.983,14.246,0
1940.00,1613.373,368.140,14.187,0
1945.00,1618.238,369.296,14.124,0
1950.00,1623.102,370.452,14.054,0
1955.00,1627.967,371.608,13.979,0
1960.00,1632.831,372.764,13.898,0
1965.00,1637.696,373.920,13.812,0
1970.00,1642.560,375.076,13.720,0
1975.00,1647.425,376.232,13.622,0
1980.00,1652.353,377.061,13.519,0
1985.00,1657.343,377.339,13.410,0
1990.00,1662.333,377.061,13.295,0
1995.00,1667.261,376.232,13.175,0
2000.00,1672.067,374.862,13.050,0
2005.00,1676.691,372.967,12.918,0
2010.00,1681.077,370.571,12.781,0
2015.00,1685.170,367.704,12.639,0
2020.00,1688.920,364.400,12.490,0
2025.00,1692.280,360.701,12.336,0
2030.00,1695.210,356.652,12.177,0
2035.00,1697.672,352.303,12.012,0
2040.00,1699.638,347.708,11.841,0
2045.00,1701.081,342.924,11.665,0
2050.00,1702.311,338.078,11.483,0
2055.00,1703.541,333.231,11.295,0
2060.00,1704.771,328.385,11.102,0
2065.00,1706.001,323.539,10.903,0
2070.00,1707.232,318.692,10.701,0
2075.00,1708.462,313.846,10.495,0
2080.00,1709.692,309.000,10.287,0
2085.00,1710.922,304.153,10.079,0
2090.00,1712.152,299.307,9.870,0
2095.00,1713.382,294.461,9.663,0
2100.00,1714.612,289.614,9.458,0
2105.00,1715.842,284.768,9.256,0
2110.00,1717.072,279.922,9.059,0
2115.00,1718.303,275.075,8.867,0
2120.00,1719.533,270.229,8.680,0
2125.00,1720.763,265.383,8.499,0
2130.00,1721.993,260.536,8.322,0
2135.00,1723.223,255.690,8.151,0
2140.00,1724.453,250.844,7.986,0
2145.00,1725.683,245.997,7.825,0
2150.00,1726.913,241.151,7.670,0
2155.00,1728.143,236.305,7.520,0
2160.00,1729.374,231.459,7.376,0
2165.00,1730.604,226.612,7.237,0
2170.00,1731.834,221.766,7.103,0
2175.00,1733.064,216.920,6.974,0
2180.00,1734.294,212.073,6.851,0
2185.00,1735.524,207.227,6.732,0
2190.00,1736.754,202.381,6.620,0
2195.00,1737.984,197.534,6.512,0
2200.00,1739.214,192.688,6.410,0
2205.00,1740.445,187.842,6.313,0
2210.00,1741.675,182.995,6.221,0
2215.00,1742.905,178.149,6.135,0
2220.00,1744.135,173.303,6.054,0
2225.00,1745.365,168.456,5.978,0
2230.00,1746.595,163.610,5.907,0
2235.00,1747.825,158.764,5.842,0
2240.00,1749.055,153.917,5.782,0
2245.00,1750.285,149.071,5.728,0
2250.00,1751.516,144.225,5.678,0
2255.00,1752.746,139.378,5.634,0
2260.00,1753.976,134.532,5.595,0
2265.00,1755.206,129.686,5.562,0
2270.00,1756.436,124.839,5.533,0
2275.00,1757.666,119.993,5.510,0
2280.00,1758.896,115.147,5.493,0
2285.00,1760.126,110.300,5.480,0
2290.00,1761.356,105.454,5.473,0
2295.00,1762.587,100.608,5.471,0
2300.00,1763.817,95.762,5.475,0
2305.00,1765.047,90.915,5.484,0
2310.00,1766.277,86.069,5.498,0
2315.00,1767.507,81.223,5.517,0
2320.00,1768.737,76.376,5.542,1
2325.00,1769.967,71.530,5.571,0
2330.00,1771.197,66.684,5.607,0
2335.00,1772.427,61.837,5.647,0
2340.00,1773.658,56.991,5.693,0
2345.00,1774.888,52.145,5.744,0
2350.00,1776.118,47.298,5.800,0
2355.00,1777.348,42.452,5.862,0
2360.00,1778.578,37.606,5.929,0
2365.00,1779.808,32.759,6.001,0
2370.00,1781.038,27.913,6.078,0
2375.00,1782.268,23.067,6.161,0
2380.00,1783.498,18.220,6.249,0
2385.00,1784.729,13.374,6.342,0
2390.00,1785.959,8.528,6.441,0
2395.00,1787.189,3.681,6.545,0
2400.00,1788.419,-1.165,6.654,0
2405.00,1789.649,-6.011,6.769,0
2410.00,1790.879,-10.858,6.888,0
2415.00,1792.109,-15.704,7.013,0
2420.00,1793.339,-20.550,7.141,0
2425.00,1794.569,-25.396,7.274,0
2430.00,1795.800,-30.243,7.410,0
2435.00,1797.030,-35.089,7.548,0
2440.00,1798.260,-39.935,7.688,0
2445.00,1799.490,-44.782,7.831,0
2450.00,1800.720,-49.628,7.974,0
2455.00,1801.950,-54.474,8.117,0
2460.00,1803.180,-59.321,8.261,0
2465.00,1804.410,-64.167,8.405,0
2470.00,1805.640,-69.013,8.548,0
2475.00,1806.871,-73.860,8.691,0
2480.00,1808.101,-78.706,8.834,0
2485.00,1809.331,-83.552,8.977,0
2490.00,1810.561,-88.399,9.120,0
2495.00,1811.791,-93.245,9.263,0
2500.00,1813.021,-98.091,9.405,0
2505.00,1814.251,-102.938,9.548,0
2510.00,1815.481,-107.784,9.690,0
2515.00,1816.711,-112.630,9.832,0
2520.00,1817.942,-117.477,9.974,0
2525.00,1819.172,-122.323,10.115,0
2530.00,1820.402,-127.169,10.257,0
2535.00,1821.632,-132.016,10.398,0
2540.00,1822.862,-136.862,10.539,0
2545.00,1824.092,-141.708,10.680,0
2550.00,1825.322,-146.555,10.821,0
2555.00,1826.552,-151.401,10.962,0
2560.00,1827.782,-156.247,11.103,0
2565.00,1829.013,-161.093,11.243,0
2570.00,1830.243,-165.940,11.383,0
2575.00,1831.473,-170.786,11.524,0
2580.00,1832.703,-175.632,11.663,0
2585.00,1833.933,-180.479,11.803,0
2590.00,1835.163,-185.325,11.943,0
2595.00,1836.393,-190.171,12.082,0
2600.00,1837.623,-195.018,12.222,0
2605.00,1838.853,-199.864,12.361,0
2610.00,1840.084,-204.710,12.500,0
2615.00,1841.314,-209.557,12.639,0
2620.00,1842.544,-214.403,12.778,0
2625.00,1843.774,-219.249,12.916,0
2630.00,1845.004,-224.096,13.055,0
2635.00,1846.234,-228.942,13.193,0
2640.00,1847.464,-233.788,13.331,0
2645.00,1848.694,-238.635,13.469,0
2650.00,1849.827,-243.504,13.607,0
2655.00,1850.797,-248.409,13.744,0
2660.00,1851.603,-253.344,13.882,0
2665.00,1852.244,-258.302,14.019,0
2670.00,1852.720,-263.279,14.156,0
2675.00,1853.029,-268.269,14.293,0
2680.00,1853.172,-273.267,14.430,0
2685.00,1853.148,-278.267,14.567,0
2690.00,1852.958,-283.263,14.703,0
2695.00,1852.601,-288.250,14.840,0
2700.00,1852.078,-293.222,14.976,0
2705.00,1851.390,-298.175,15.112,0
2710.00,1850.537,-303.101,15.248,0
2715.00,1849.520,-307.996,15.383,0
2720.00,1848.341,-312.855,15.519,0
2725.00,1847.001,-317.672,15.654,0
2730.00,1845.500,-322.441,15.790,0
2735.00,1843.842,-327.158,15.925,0
2740.00,1842.027,-331.817,16.060,0
2745.00,1840.058,-336.413,16.195,0
2750.00,1837.937,-340.940,16.329,0
2755.00,1835.667,-345.395,16.464,0
2760.00,1833.249,-349.771,16.598,0
2765.00,1830.687,-354.064,16.732,0
2770.00,1827.983,-358.270,16.865,0
2775.00,1825.140,-362.383,16.997,0
2780.00,1822.162,-366.399,17.129,0
2785.00,1819.051,-370.313,17.259,0
2790.00,1815.812,-374.122,17.388,0
2795.00,1812.448,-377.820,17.515,0
2800.00,1809.034,-381.474,17.640,0
2805.00,1805.621,-385.128,17.763,0
2810.00,1802.208,-388.781,17.885,0
2815.00,1798.794,-392.435,18.004,0
2820.00,1795.381,-396.088,18.121,0
2825.00,1791.967,-399.742,18.236,0
2830.00,1788.554,-403.395,18.348,0
2835.00,1785.141,-407.049,18.459,0
2840.00,1781.727,-410.703,18.567,0
2845.00,1778.314,-414.356,18.674,0
2850.00,1774.900,-418.010,18.778,0
2855.00,1771.487,-421.663,18.880,0
2860.00,1768.074,-425.317,18.980,0
2865.00,1764.660,-428.970,19.078,0
2870.00,1761.247,-432.624,19.173,0
2875.00,1757.833,-436.278,19.267,0
2880.00,1754.420,-439.931,19.358,0
2885.00,1751.007,-443.585,19.447,0
2890.00,1747.593,-447.238,19.534,0
2895.00,1744.180,-450.892,19.619,0
2900.00,1740.766,-454.546,19.702,0
2905.00,1737.353,-458.199,19.783,0
2910.00,1733.940,-461.853,19.862,0
2915.00,1730.526,-465.506,19.938,0
2920.00,1727.113,-469.160,20.012,0
2925.00,1723.699,-472.813,20.085,0
2930.00,1720.286,-476.467,20.155,0
2935.00,1716.873,-480.121,20.223,0
2940.00,1713.459,-483.774,20.289,0
2945.00,1710.046,-487.428,20.352,0
2950.00,1706.632,-491.081,20.414,0
2955.00,1703.219,-494.735,20.473,0
2960.00,1699.805,-498.389,20.530,0
2965.00,1696.392,-502.042,20.586,1
2970.00,1692.979,-505.696,20.639,0
2975.00,1689.565,-509.349,20.689,0
2980.00,1686.152,-513.003,20.738,0
2985.00,1682.738,-516.656,20.785,0
2990.00,1679.325,-520.310,20.829,0
2995.00,1675.912,-523.964,20.872,0
3000.00,1672.498,-527.617,20.912,0
3005.00,1669.085,-531.271,20.950,0
3010.00,1665.671,-534.924,20.986,0
3015.00,1662.258,-538.578,21.020,0
3020.00,1658.845,-542.232,21.052,0
3025.00,1655.431,-545.885,21.081,0
3030.00,1652.018,-549.539,21.109,0
3035.00,1648.604,-553.192,21.134,0
3040.00,1645.191,-556.846,21.157,0
3045.00,1641.778,-560.499,21.178,0
3050.00,1638.364,-564.153,21.197,0
3055.00,1634.951,-567.807,21.214,0
3060.00,1631.537,-571.460,21.228,0
3065.00,1628.124,-575.114,21.241,0
3070.00,1624.711,-578.767,21.251,0
3075.00,1621.297,-582.421,21.259,0
3080.00,1617.884,-586.074,21.266,0
3085.00,1614.470,-589.728,21.270,0
3090.00,1611.057,-593.382,21.271,0
3095.00,1607.643,-597.035,21.271,0
3100.00,1604.230,-600.689,21.269,0
3105.00,1600.817,-604.342,21.264,0
3110.00,1597.403,-607.996,21.258,0
3115.00,1593.990,-611.650,21.249,0
3120.00,1590.576,-615.303,21.239,0
3125.00,1587.163,-618.957,21.227,0
3130.00,1583.750,-622.610,21.213,0
3135.00,1580.336,-626.264,21.198,0
3140.00,1576.923,-629.917,21.181,0
3145.00,1573.509,-633.571,21.164,0
3150.00,1570.563,-637.601,21.144,0
3155.00,1568.475,-642.135,21.124,0
3160.00,1567.330,-646.994,21.103,0
3165.00,1567.173,-651.984,21.081,0
3170.00,1568.011,-656.905,21.057,0
3175.00,1569.809,-661.562,21.033,0
3180.00,1572.497,-665.768,21.008,0
3185.00,1575.967,-669.357,20.981,0
3190.00,1579.719,-672.662,20.953,0
3195.00,1583.471,-675.967,20.925,0
3200.00,1587.222,-679.273,20.895,0
3205.00,1590.974,-682.578,20.864,0
3210.00,1594.726,-685.883,20.832,0
3215.00,1598.477,-689.189,20.799,0
3220.00,1602.229,-692.494,20.765,0
3225.00,1605.981,-695.799,20.730,0
3230.00,1609.732,-699.104,20.694,0
3235.00,1613.484,-702.410,20.657,0
3240.00,1617.236,-705.715,20.618,0
3245.00,1620.988,-709.020,20.579,0
3250.00,1624.739,-712.325,20.538,0
3255.00,1628.491,-715.631,20.497,0
3260.00,1632.243,-718.936,20.454,0
3265.00,1635.994,-722.241,20.411,0
3270.00,1639.746,-725.546,20.366,0
3275.00,1643.498,-728.852,20.320,0
3280.00,1647.249,-732.157,20.273,0
3285.00,1651.001,-735.462,20.225,0
3290.00,1654.753,-738.768,20.176,0
3295.00,1658.504,-742.073,20.126,0
3300.00,1662.256,-745.378,20.075,0
3305.00,1666.008,-748.683,20.023,0
3310.00,1669.760,-751.989,19.970,0
3315.00,1673.511,-755.294,19.915,0
3320.00,1677.263,-758.599,19.860,0
3325.00,1681.015,-761.904,19.803,0
3330.00,1684.766,-765.210,19.746,0
3335.00,1688.518,-768.515,19.687,0
3340.00,1692.270,-771.820,19.628,0
3345.00,1696.021,-775.126,19.567,0
3350.00,1699.773,-778.431,19.505,0
3355.00,1703.525,-781.736,19.442,0
3360.00,1707.277,-785.041,19.378,0
3365.00,1711.028,-788.347,19.313,0
3370.00,1714.780,-791.652,19.247,0
3375.00,1718.532,-794.957,19.180,0
3380.00,1722.283,-798.262,19.112,0
3385.00,1726.035,-801.568,19.042,0
3390.00,1729.787,-804.873,18.972,0
3395.00,1733.538,-808.178,18.901,0
3400.00,1737.290,-811.483,18.828,0
3405.00,1741.042,-814.789,18.754,0
3410.00,1744.793,-818.094,18.680,0
3415.00,1748.545,-821.399,18.604,0
3420.00,1752.297,-824.705,18.527,0
3425.00,1756.049,-828.010,18.449,0
3430.00,1759.800,-831.315,18.371,0
3435.00,1763.552,-834.620,18.291,0
3440.00,1767.304,-837.926,18.210,0
3445.00,1771.055,-841.231,18.127,0
3450.00,1774.807,-844.536,18.044,0
3455.00,1778.559,-847.841,17.960,0
3460.00,1782.310,-851.147,17.875,0
3465.00,1786.062,-854.452,17.789,0
3470.00,1789.814,-857.757,17.702,0
3475.00,1793.565,-861.062,17.615,0
3480.00,1797.317,-864.368,17.527,0
3485.00,1801.069,-867.673,17.438,0
3490.00,1804.821,-870.978,17.349,1
3495.00,1808.572,-874.284,17.260,0
3500.00,1812.324,-877.589,17.171,0
3505.00,1816.076,-880.894,17.081,0
3510.00,1819.827,-884.199,16.992,0
3515.00,1823.579,-887.505,16.902,0
3520.00,1827.331,-890.810,16.812,0
3525.00,1831.082,-894.115,16.721,0
3530.00,1834.834,-897.420,16.631,0
3535.00,1838.586,-900.726,16.540,0
3540.00,1842.337,-904.031,16.450,0
3545.00,1846.089,-907.336,16.359,0
3550.00,1849.841,-910.642,16.268,0
3555.00,1853.593,-913.947,16.177,0
3560.00,1857.344,-917.252,16.085,0
3565.00,1861.096,-920.557,15.994,0
3570.00,1864.848,-923.863,15.902,0
3575.00,1868.599,-927.168,15.810,0
3580.00,1872.351,-930.473,15.719,0
3585.00,1876.103,-933.778,15.626,0
3590.00,1879.854,-937.084,15.534,0
3595.00,1883.606,-940.389,15.442,0
3600.00,1887.358,-943.694,15.349,0
3605.00,1891.109,-946.999,15.256,0
3610.00,1894.861,-950.305,15.163,0
3615.00,1898.613,-953.610,15.070,0
3620.00,1902.365,-956.915,14.977,0
3625.00,1906.116,-960.221,14.884,0
3630.00,1909.868,-963.526,14.790,0
3635.00,1913.620,-966.831,14.696,0
3640.00,1917.371,-970.136,14.603,0
3645.00,1921.123,-973.442,14.508,0
3650.00,1924.875,-976.747,14.414,0
3655.00,1928.626,-980.052,14.320,0
3660.00,1932.378,-983.357,14.225,0
3665.00,1936.130,-986.663,14.131,0
3670.00,1939.881,-989.968,14.036,0
3675.00,1943.633,-993.273,13.941,0
3680.00,1947.385,-996.579,13.846,0
3685.00,1951.137,-999.884,13.750,0
3690.00,1954.888,-1003.189,13.655,0
3695.00,1958.640,-1006.494,13.559,0
3700.00,1962.392,-1009.800,13.464,0
3705.00,1966.143,-1013.105,13.368,0
3710.00,1969.934,-1016.365,13.271,0
3715.00,1973.790,-1019.548,13.175,0
3720.00,1977.708,-1022.654,13.079,0
3725.00,1981.688,-1025.681,12.982,0
3730.00,1985.727,-1028.627,12.885,0
3735.00,1989.825,-1031.493,12.789,0
3740.00,1993.979,-1034.275,12.691,0
3745.00,1998.188,-1036.974,12.594,0
3750.00,2002.450,-1039.589,12.497,0
3755.00,2006.763,-1042.117,12.399,0
3760.00,2011.126,-1044.559,12.302,0
3765.00,2015.537,-1046.913,12.204,0
3770.00,2019.994,-1049.179,12.106,0
3775.00,2024.496,-1051.354,12.008,0
3780.00,2029.040,-1053.440,11.909,0
3785.00,2033.626,-1055.434,11.811,0
3790.00,2038.250,-1057.336,11.712,0
3795.00,2042.911,-1059.145,11.613,0
3800.00,2047.607,-1060.860,11.514,0
3805.00,2052.337,-1062.481,11.415,0
3810.00,2057.098,-1064.008,11.316,0
3815.00,2061.889,-1065.439,11.216,0
3820.00,2066.707,-1066.773,11.117,0
3825.00,2071.552,-1068.011,11.017,0
3830.00,2076.420,-1069.152,10.917,0
3835.00,2081.310,-1070.196,10.817,0
3840.00,2086.219,-1071.141,10.717,0
3845.00,2091.147,-1071.988,10.616,0
3850.00,2096.091,-1072.736,10.516,0
3855.00,2101.048,-1073.386,10.415,0
3860.00,2106.018,-1073.936,10.314,0
3865.00,2110.997,-1074.386,10.213,0
3870.00,2115.985,-1074.737,10.112,0
3875.00,2120.979,-1074.988,10.011,0
3880.00,2125.976,-1075.139,9.909,0
3885.00,2130.976,-1075.190,9.808,0
3890.00,2135.975,-1075.141,9.706,0
3895.00,2140.973,-1074.992,9.604,0
3900.00,2145.967,-1074.744,9.502,0
3905.00,2150.955,-1074.395,9.400,0
3910.00,2155.934,-1073.947,9.297,0
3915.00,2160.904,-1073.399,9.195,0
3920.00,2165.862,-1072.752,9.092,0
3925.00,2170.806,-1072.006,8.989,0
3930.00,2175.734,-1071.161,8.887,0
3935.00,2180.644,-1070.218,8.783,0
3940.00,2185.535,-1069.177,8.680,0
3945.00,2190.403,-1068.038,8.577,0
3950.00,2195.248,-1066.802,8.473,0
3955.00,2200.067,-1065.469,8.369,0
3960.00,2204.858,-1064.041,8.265,0
3965.00,2209.620,-1062.516,8.161,0
3970.00,2214.370,-1060.954,8.057,0
3975.00,2219.120,-1059.392,7.953,0
3980.00,2223.869,-1057.830,7.848,0
3985.00,2228.619,-1056.267,7.744,0
3990.00,2233.369,-1054.705,7.639,0
3995.00,2238.118,-1053.143,7.534,0
4000.00,2242.868,-1051.580,7.429,0
4005.00,2247.618,-1050.018,7.324,0
4010.00,2252.367,-1048.456,7.218,0
4015.00,2257.117,-1046.894,7.113,0
4020.00,2261.867,-1045.331,7.007,0
4025.00,2266.616,-1043.769,6.901,0
4030.00,2271.366,-1042.207,6.795,0
4035.00,2276.116,-1040.644,6.689,0
4040.00,2280.865,-1039.082,6.582,0
4045.00,2285.615,-1037.520,6.476,0
4050.00,2290.365,-1035.958,6.369,0
4055.00,2295.114,-1034.395,6.262,0
4060.00,2299.864,-1032.833,6.156,0
4065.00,2304.614,-1031.271,6.048,0
4070.00,2309.363,-1029.708,5.941,0
4075.00,2314.113,-1028.146,5.834,0
4080.00,2318.863,-1026.584,5.726,1
4085.00,2323.612,-1025.022,5.619,0
4090.00,2328.362,-1023.459,5.511,0
4095.00,2333.111,-1021.897,5.403,0
4100.00,2337.861,-1020.335,5.294,0
4105.00,2342.611,-1018.773,5.186,0
4110.00,2347.360,-1017.210,5.078,0
4115.00,2352.110,-1015.648,4.969,0
4120.00,2356.860,-1014.086,4.860,0
4125.00,2361.609,-1012.523,4.751,0
4130.00,2366.359,-1010.961,4.642,0
4135.00,2371.109,-1009.399,4.533,0
4140.00,2375.858,-1007.837,4.424,0
4145.00,2380.608,-1006.274,4.314,0
4150.00,2385.358,-1004.712,4.205,0
4155.00,2390.107,-1003.150,4.095,0
4160.00,2394.857,-1001.587,3.986,0
4165.00,2399.607,-1000.025,3.877,0
4170.00,2404.356,-998.463,3.768,0
4175.00,2409.106,-996.901,3.660,0
4180.00,2413.856,-995.338,3.553,0
4185.00,2418.605,-993.776,3.446,0
4190.00,2423.355,-992.214,3.341,0
4195.00,2428.105,-990.651,3.237,0
4200.00,2432.854,-989.089,3.134,0
4205.00,2437.604,-987.527,3.032,0
4210.00,2442.354,-985.965,2.932,0
4215.00,2447.103,-984.402,2.832,0
4220.00,2451.853,-982.840,2.734,0
4225.00,2456.603,-981.278,2.638,0
4230.00,2461.352,-979.715,2.542,0
4235.00,2466.102,-978.153,2.448,0
4240.00,2470.852,-976.591,2.355,0
4245.00,2475.601,-975.029,2.263,0
4250.00,2480.351,-973.466,2.172,0
4255.00,2485.101,-971.904,2.083,0
4260.00,2489.850,-970.342,1.994,0
4265.00,2494.600,-968.780,1.907,0
4270.00,2499.350,-967.217,1.822,0
4275.00,2504.099,-965.655,1.737,0
4280.00,2508.849,-964.093,1.654,0
4285.00,2513.599,-962.530,1.572,0
4290.00,2518.348,-960.968,1.491,0
4295.00,2523.098,-959.406,1.412,0
4300.00,2527.848,-957.844,1.333,0
4305.00,2532.597,-956.281,1.256,0
4310.00,2537.347,-954.719,1.180,0
4315.00,2542.097,-953.157,1.106,0
4320.00,2546.846,-951.594,1.032,0
4325.00,2551.596,-950.032,0.960,0
4330.00,2556.346,-948.470,0.889,0
4335.00,2561.095,-946.908,0.819,0
4340.00,2565.845,-945.345,0.751,0
4345.00,2570.595,-943.783,0.684,0
4350.00,2575.344,-942.221,0.618,0
4355.00,2580.094,-940.658,0.553,0
4360.00,2584.843,-939.096,0.489,0
4365.00,2589.593,-937.534,0.427,0
4370.00,2594.343,-935.972,0.366,0
4375.00,2599.092,-934.409,0.306,0
4380.00,2603.842,-932.847,0.247,0
4385.00,2608.592,-931.285,0.190,0
4390.00,2613.341,-929.722,0.134,0
4395.00,2618.091,-928.160,0.079,0
4400.00,2622.841,-926.598,0.025,0
4405.00,2627.590,-925.036,-0.027,0
4410.00,2632.340,-923.473,-0.078,0
4415.00,2637.090,-921.911,-0.128,0
4420.00,2641.839,-920.349,-0.177,0
4425.00,2646.589,-918.786,-0.225,0
4430.00,2651.339,-917.224,-0.271,0
4435.00,2656.088,-915.662,-0.316,0
4440.00,2660.838,-914.100,-0.360,0
4445.00,2665.588,-912.537,-0.402,0
4450.00,2670.392,-911.154,-0.444,0
4455.00,2675.273,-910.074,-0.484,0
4460.00,2680.212,-909.301,-0.523,0
4465.00,2685.190,-908.838,-0.561,0
4470.00,2690.187,-908.687,-0.597,0
4475.00,2695.183,-908.848,-0.632,0
4480.00,2700.160,-909.321,-0.666,0
4485.00,2705.098,-910.103,-0.699,0
4490.00,2709.977,-911.193,-0.730,0
4495.00,2714.778,-912.585,-0.761,0
4500.00,2719.483,-914.275,-0.790,0
4505.00,2724.074,-916.255,-0.818,0
4510.00,2728.531,-918.517,-0.845,0
4515.00,2732.839,-921.054,-0.871,0
4520.00,2736.980,-923.855,-0.897,0
4525.00,2740.938,-926.909,-0.921,0
4530.00,2744.819,-930.062,-0.946,0
4535.00,2748.700,-933.215,-0.969,0
4540.00,2752.581,-936.367,-0.992,0
4545.00,2756.461,-939.520,-1.015,0
4550.00,2760.342,-942.672,-1.037,0
4555.00,2764.223,-945.825,-1.059,0
4560.00,2768.104,-948.978,-1.080,0
4565.00,2771.985,-952.130,-1.101,0
4570.00,2775.866,-955.283,-1.122,0
4575.00,2779.747,-958.435,-1.142,0
4580.00,2783.627,-961.588,-1.162,0
4585.00,2787.508,-964.741,-1.182,0
4590.00,2791.389,-967.893,-1.201,0
4595.00,2795.270,-971.046,-1.219,0
4600.00,2799.151,-974.198,-1.238,0
4605.00,2803.032,-977.351,-1.256,0
4610.00,2806.913,-980.504,-1.273,0
4615.00,2810.794,-983.656,-1.291,0
4620.00,2814.674,-986.809,-1.307,0
4625.00,2818.555,-989.961,-1.324,0
4630.00,2822.436,-993.114,-1.340,0
4635.00,2826.317,-996.266,-1.356,0
4640.00,2830.198,-999.419,-1.371,0
4645.00,2834.079,-1002.572,-1.386,0
4650.00,2837.960,-1005.724,-1.400,0
4655.00,2841.840,-1008.877,-1.414,0
4660.00,2845.721,-1012.029,-1.428,0
4665.00,2849.602,-1015.182,-1.442,0
4670.00,2853.483,-1018.335,-1.455,0
4675.00,2857.364,-1021.487,-1.467,0
4680.00,2861.245,-1024.640,-1.479,0
4685.00,2865.126,-1027.792,-1.491,0
4690.00,2869.007,-1030.945,-1.503,0
4695.00,2872.887,-1034.098,-1.514,0
4700.00,2876.768,-1037.250,-1.524,0
4705.00,2880.649,-1040.403,-1.535,0
4710.00,2884.530,-1043.555,-1.544,0
4715.00,2888.411,-1046.708,-1.554,0
4720.00,2892.292,-1049.861,-1.563,0
4725.00,2896.173,-1053.013,-1.572,1
4730.00,2900.053,-1056.166,-1.580,0
4735.00,2903.934,-1059.318,-1.588,0
4740.00,2907.815,-1062.471,-1.596,0
4745.00,2911.696,-1065.624,-1.603,0
4750.00,2915.577,-1068.776,-1.610,0
4755.00,2919.458,-1071.929,-1.616,0
4760.00,2923.339,-1075.081,-1.622,0
4765.00,2927.220,-1078.234,-1.628,0
4770.00,2931.100,-1081.387,-1.633,0
4775.00,2934.981,-1084.539,-1.638,0
4780.00,2938.862,-1087.692,-1.642,0
4785.00,2942.743,-1090.844,-1.647,0
4790.00,2946.624,-1093.997,-1.650,0
4795.00,2950.505,-1097.150,-1.654,0
4800.00,2954.386,-1100.302,-1.657,0
4805.00,2958.266,-1103.455,-1.659,0
4810.00,2962.147,-1106.607,-1.661,0
4815.00,2966.028,-1109.760,-1.663,0
4820.00,2969.909,-1112.913,-1.665,0
4825.00,2973.790,-1116.065,-1.666,0
4830.00,2977.671,-1119.218,-1.666,0
4835.00,2981.552,-1122.370,-1.667,0
4840.00,2985.433,-1125.523,-1.666,0
4845.00,2989.313,-1128.676,-1.666,0
4850.00,2993.194,-1131.828,-1.665,0
4855.00,2997.075,-1134.981,-1.664,0
4860.00,3000.956,-1138.133,-1.662,0
4865.00,3004.837,-1141.286,-1.660,0
4870.00,3008.718,-1144.439,-1.658,0
4875.00,3012.599,-1147.591,-1.655,0
4880.00,3016.480,-1150.744,-1.652,0
4885.00,3020.360,-1153.896,-1.649,0
4890.00,3024.241,-1157.049,-1.645,0
4895.00,3028.122,-1160.202,-1.641,0
4900.00,3032.003,-1163.354,-1.637,0
4905.00,3035.884,-1166.507,-1.632,0
4910.00,3039.765,-1169.659,-1.628,0
4915.00,3043.646,-1172.812,-1.622,0
4920.00,3047.526,-1175.965,-1.617,0
4925.00,3051.407,-1179.117,-1.611,0
4930.00,3055.288,-1182.270,-1.605,0
4935.00,3059.169,-1185.422,-1.598,0
4940.00,3063.050,-1188.575,-1.591,0
4945.00,3066.931,-1191.728,-1.584,0
4950.00,3070.812,-1194.880,-1.577,0
4955.00,3074.693,-1198.033,-1.569,0
4960.00,3078.573,-1201.185,-1.561,0
4965.00,3082.454,-1204.338,-1.553,0
4970.00,3086.335,-1207.490,-1.544,0
4975.00,3090.216,-1210.643,-1.535,0
4980.00,3094.097,-1213.796,-1.526,0
4985.00,3097.978,-1216.948,-1.516,0
4990.00,3101.859,-1220.101,-1.506,0
4995.00,3105.739,-1223.253,-1.496,0
5000.00,3109.620,-1226.406,-1.485,0
5005.00,3113.501,-1229.559,-1.474,0
5010.00,3117.382,-1232.711,-1.463,0
5015.00,3121.263,-1235.864,-1.451,0
5020.00,3125.144,-1239.016,-1.439,0
5025.00,3129.025,-1242.169,-1.427,0
5030.00,3132.906,-1245.322,-1.415,0
5035.00,3136.786,-1248.474,-1.402,0
5040.00,3140.667,-1251.627,-1.389,0
5045.00,3144.548,-1254.779,-1.375,0
5050.00,3148.429,-1257.932,-1.362,0
5055.00,3152.310,-1261.085,-1.347,0
5060.00,3156.191,-1264.237,-1.333,0
5065.00,3160.072,-1267.390,-1.318,0
5070.00,3163.952,-1270.542,-1.303,0
5075.00,3167.833,-1273.695,-1.288,0
5080.00,3171.714,-1276.848,-1.272,0
5085.00,3175.595,-1280.000,-1.256,0
5090.00,3179.476,-1283.153,-1.240,0
5095.00,3183.357,-1286.305,-1.223,0
5100.00,3187.238,-1289.458,-1.206,0
5105.00,3191.119,-1292.611,-1.189,0
5110.00,3194.999,-1295.763,-1.171,0
5115.00,3198.880,-1298.916,-1.153,0
5120.00,3202.761,-1302.068,-1.135,0
5125.00,3206.642,-1305.221,-1.117,0
5130.00,3210.523,-1308.374,-1.098,0
5135.00,3214.404,-1311.526,-1.079,0
5140.00,3218.285,-1314.679,-1.059,0
5145.00,3222.165,-1317.831,-1.039,0
5150.00,3226.046,-1320.984,-1.019,0
5155.00,3229.927,-1324.137,-0.999,0
5160.00,3233.808,-1327.289,-0.978,0
5165.00,3237.689,-1330.442,-0.957,0
5170.00,3241.570,-1333.594,-0.936,0
5175.00,3245.451,-1336.747,-0.914,0
5180.00,3249.332,-1339.900,-0.892,0
5185.00,3253.212,-1343.052,-0.870,0
5190.00,3257.093,-1346.205,-0.847,0
5195.00,3260.974,-1349.357,-0.823,0
5200.00,3264.855,-1352.510,-0.799,0
5205.00,3268.736,-1355.663,-0.774,0
5210.00,3272.617,-1358.815,-0.747,0
5215.00,3276.498,-1361.968,-0.719,0
5220.00,3280.378,-1365.120,-0.689,0
5225.00,3284.259,-1368.273,-0.657,0
5230.00,3288.218,-1371.327,-0.622,0
5235.00,3292.300,-1374.214,-0.585,0
5240.00,3296.498,-1376.929,-0.545,0
5245.00,3300.806,-1379.466,-0.503,0
5250.00,3305.216,-1381.821,-0.457,0
5255.00,3309.721,-1383.991,-0.408,0
5260.00,3314.312,-1385.971,-0.357,0
5265.00,3318.981,-1387.758,-0.303,0
5270.00,3323.721,-1389.349,-0.246,0
5275.00,3328.522,-1390.742,-0.186,0
5280.00,3333.378,-1391.933,-0.123,0
5285.00,3338.279,-1392.921,-0.057,0
5290.00,3343.217,-1393.703,0.012,0
5295.00,3348.183,-1394.280,0.083,0
5300.00,3353.169,-1394.649,0.157,0
5305.00,3358.167,-1394.810,0.234,0
5310.00,3363.166,-1394.763,0.314,1
5315.00,3368.159,-1394.507,0.397,0
5320.00,3373.137,-1394.044,0.483,0
5325.00,3378.092,-1393.374,0.572,0
5330.00,3383.014,-1392.498,0.663,0
5335.00,3387.896,-1391.418,0.757,0
5340.00,3392.728,-1390.135,0.855,0
5345.00,3397.503,-1388.652,0.955,0
5350.00,3402.252,-1387.090,1.058,0
5355.00,3407.002,-1385.528,1.163,0
5360.00,3411.752,-1383.966,1.272,0
5365.00,3416.501,-1382.403,1.384,0
5370.00,3421.251,-1380.841,1.498,0
5375.00,3426.001,-1379.279,1.615,0
5380.00,3430.750,-1377.716,1.735,0
5385.00,3435.500,-1376.154,1.858,0
5390.00,3440.250,-1374.592,1.984,0
5395.00,3444.999,-1373.030,2.113,0
5400.00,3449.749,-1371.467,2.244,0
5405.00,3454.499,-1369.905,2.379,0
5410.00,3459.248,-1368.343,2.516,0
5415.00,3463.998,-1366.780,2.656,0
5420.00,3468.748,-1365.218,2.799,0
5425.00,3473.497,-1363.656,2.945,0
5430.00,3478.247,-1362.094,3.094,0
5435.00,3482.997,-1360.531,3.245,0
5440.00,3487.746,-1358.969,3.400,0
5445.00,3492.496,-1357.407,3.557,0
5450.00,3497.246,-1355.844,3.717,0
5455.00,3501.995,-1354.282,3.881,0
5460.00,3506.745,-1352.720,4.046,0
5465.00,3511.495,-1351.158,4.215,0
5470.00,3516.244,-1349.595,4.387,0
5475.00,3520.994,-1348.033,4.561,0
5480.00,3525.744,-1346.471,4.739,0
5485.00,3530.493,-1344.908,4.919,0
5490.00,3535.243,-1343.346,5.102,0
5495.00,3539.992,-1341.784,5.288,0
5500.00,3544.742,-1340.222,5.477,0
5505.00,3549.492,-1338.659,5.669,0
5510.00,3554.241,-1337.097,5.863,0
5515.00,3558.991,-1335.535,6.060,0
5520.00,3563.741,-1333.973,6.261,0
5525.00,3568.490,-1332.410,6.464,0
5530.00,3573.240,-1330.848,6.670,0
5535.00,3577.990,-1329.286,6.879,0
5540.00,3582.739,-1327.723,7.090,0
5545.00,3587.489,-1326.161,7.303,0
5550.00,3592.239,-1324.599,7.518,0
5555.00,3596.988,-1323.037,7.733,0
5560.00,3601.738,-1321.474,7.948,0
5565.00,3606.488,-1319.912,8.163,0
5570.00,3611.237,-1318.350,8.376,0
5575.00,3615.987,-1316.787,8.588,0
5580.00,3620.737,-1315.225,8.798,0
5585.00,3625.486,-1313.663,9.004,0
5590.00,3630.236,-1312.101,9.208,0
5595.00,3634.986,-1310.538,9.408,0
5600.00,3639.735,-1308.976,9.605,0
5605.00,3644.485,-1307.414,9.799,0
5610.00,3649.235,-1305.851,9.990,0
5615.00,3653.984,-1304.289,10.177,0
5620.00,3658.734,-1302.727,10.361,0
5625.00,3663.484,-1301.165,10.542,0
5630.00,3668.233,-1299.602,10.720,0
5635.00,3672.983,-1298.040,10.895,0
5640.00,3677.733,-1296.478,11.066,0
5645.00,3682.482,-1294.915,11.234,0
5650.00,3687.232,-1293.353,11.399,0
5655.00,3691.982,-1291.791,11.561,0
5660.00,3696.731,-1290.229,11.720,0
5665.00,3701.481,-1288.666,11.875,0
5670.00,3706.231,-1287.104,12.027,0
5675.00,3710.980,-1285.542,12.176,0
5680.00,3715.730,-1283.979,12.322,0
5685.00,3720.480,-1282.417,12.464,0
5690.00,3725.229,-1280.855,12.604,0
5695.00,3729.979,-1279.293,12.740,0
5700.00,3734.729,-1277.730,12.873,0
5705.00,3739.478,-1276.168,13.002,0
5710.00,3744.228,-1274.606,13.129,0
5715.00,3748.978,-1273.044,13.252,0
5720.00,3753.727,-1271.481,13.372,0
5725.00,3758.477,-1269.919,13.489,0
5730.00,3763.227,-1268.357,13.602,0
5735.00,3767.976,-1266.794,13.713,0
5740.00,3772.726,-1265.232,13.820,0
5745.00,3777.476,-1263.670,13.924,0
5750.00,3782.225,-1262.108,14.025,0
5755.00,3786.975,-1260.545,14.122,0
5760.00,3791.725,-1258.983,14.217,0
5765.00,3796.474,-1257.421,14.308,0
5770.00,3801.224,-1255.858,14.396,0
5775.00,3805.973,-1254.296,14.481,0
5780.00,3810.723,-1252.734,14.562,0
5785.00,3815.473,-1251.172,14.640,0
5790.00,3820.222,-1249.609,14.715,0
5795.00,3824.972,-1248.047,14.787,0
5800.00,3829.722,-1246.485,14.856,0
5805.00,3834.471,-1244.922,14.922,0
5810.00,3839.221,-1243.360,14.984,0
5815.00,3843.971,-1241.798,15.043,0
5820.00,3848.720,-1240.236,15.099,0
5825.00,3853.470,-1238.673,15.151,0
5830.00,3858.220,-1237.111,15.201,0
5835.00,3862.969,-1235.549,15.247,0
5840.00,3867.719,-1233.986,15.290,0
5845.00,3872.469,-1232.424,15.330,0
5850.00,3877.218,-1230.862,15.366,0
5855.00,3881.968,-1229.300,15.400,0
5860.00,3886.718,-1227.737,15.430,0
5865.00,3891.467,-1226.175,15.457,0
5870.00,3896.217,-1224.613,15.481,0
5875.00,3900.967,-1223.050,15.501,0
5880.00,3905.716,-1221.488,15.519,0
5885.00,3910.466,-1219.926,15.533,0
5890.00,3915.216,-1218.364,15.544,0
5895.00,3919.965,-1216.801,15.553,0
5900.00,3924.715,-1215.239,15.560,1
5905.00,3929.465,-1213.677,15.564,0
