lat,lon,alt,station
55.755804086,37.617297818,5.475,0
55.755796620,37.617326684,5.455,0
55.755791685,37.617357290,5.447,0
55.755788484,37.617388580,5.455,0
55.755787575,37.617420391,5.477,0
55.755787099,37.617452234,5.496,0
55.755786647,37.617484077,5.502,0
55.755785894,37.617515903,5.512,0
55.755784800,37.617547697,5.496,0
55.755783309,37.617579439,5.473,0
55.755781454,37.617611123,5.443,0
55.755779557,37.617642799,5.430,0
55.755777699,37.617674482,5.443,0
55.755775808,37.617706160,5.454,0
55.755774073,37.617737864,5.448,0
55.755772689,37.617769622,5.428,0
55.755771727,37.617801427,5.400,0
55.755771164,37.617833266,5.385,0
55.755770580,37.617865103,5.370,0
55.755769850,37.617896931,5.373,0
55.755769105,37.617928758,5.383,0
55.755768328,37.617960582,5.387,0
55.755767617,37.617992412,5.399,0
55.755766981,37.618024246,5.410,0
55.755766378,37.618056082,5.429,0
55.755765812,37.618087921,5.451,0
55.755765470,37.618119768,5.444,0
55.755765401,37.618151622,5.437,0
55.755765581,37.618183473,5.421,0
55.755766120,37.618215312,5.405,0
55.755766986,37.618247128,5.403,0
55.755768136,37.618278917,5.402,0
55.755769457,37.618310685,5.417,0
55.755770858,37.618342442,5.439,0
55.755772212,37.618374206,5.464,0
55.755773485,37.618405980,5.484,0
55.755774693,37.618437762,5.506,0
55.755775710,37.618469565,5.522,0
55.755776442,37.618501391,5.548,0
55.755776963,37.618533232,5.579,0
55.755777417,37.618565076,5.618,0
55.755777742,37.618596925,5.634,0
55.755777979,37.618628777,5.647,0
55.755778152,37.618660630,5.667,0
55.755778278,37.618692483,5.689,0
55.755778395,37.618724337,5.691,0
55.755778471,37.618756191,5.679,0
55.755778432,37.618788045,5.685,0
55.755778279,37.618819898,5.699,0
55.755778118,37.618851752,5.707,0
55.755777967,37.618883605,5.722,0
55.755777802,37.618915458,5.735,0
55.755777587,37.618947310,5.753,0
55.755777381,37.618979162,5.782,0
55.755777233,37.619011016,5.799,0
55.755777198,37.619042870,5.799,0
55.755777338,37.619074723,5.803,0
55.755777669,37.619106571,5.826,0
55.755778206,37.619138411,5.843,0
55.755778968,37.619170236,5.852,0
55.755779892,37.619202048,5.851,0
55.755780934,37.619233849,5.855,0
55.755782170,37.619265627,5.855,0
55.755783562,37.619297386,5.869,0
55.755784997,37.619329138,5.891,0
55.755786474,37.619360885,5.903,0
55.755787998,37.619392624,5.927,0
55.755789592,37.619424353,6.012,0
55.755791243,37.619456072,6.081,0
55.755792830,37.619487802,6.125,0
55.755794333,37.619519545,6.176,0
55.755795786,37.619551295,6.212,0
55.755797183,37.619583053,6.231,0
55.755798558,37.619614814,6.252,0
55.755799972,37.619646569,6.286,0
55.755801279,37.619678339,6.314,0
55.755802468,37.619710123,6.323,0
55.755803699,37.619741903,6.320,0
55.755804888,37.619773687,6.344,0
55.755805932,37.619805487,6.371,0
55.755806829,37.619837302,6.403,0
55.755807550,37.619869130,6.470,0
55.755808100,37.619900969,6.510,0
55.755808599,37.619932812,6.527,0
55.755809108,37.619964653,6.557,0
55.755809605,37.619996495,6.610,0
55.755810102,37.620028338,6.650,0
55.755810615,37.620060179,6.686,0
55.755811136,37.620092020,6.695,0
55.755811635,37.620123862,6.720,0
55.755812054,37.620155708,6.778,0
55.755812342,37.620187558,6.819,0
55.755812540,37.620219410,6.870,0
55.755812649,37.620251264,6.905,0
55.755812576,37.620283118,6.908,0
55.755812363,37.620314970,6.932,0
55.755812111,37.620346821,6.971,0
55.755811880,37.620378673,7.014,0
55.755811684,37.620410525,7.054,0
55.755811563,37.620442379,7.081,0
55.755811416,37.620474232,7.119,0
55.755811118,37.620506082,7.141,0
55.755810776,37.620537930,7.183,0
55.755810441,37.620569779,7.234,0
55.755810089,37.620601628,7.273,0
55.755809692,37.620633474,7.302,0
55.755809244,37.620665319,7.323,0
55.755808743,37.620697161,7.356,0
55.755808198,37.620729000,7.386,0
55.755807614,37.620760838,7.424,0
55.755807003,37.620792674,7.509,0
55.755806376,37.620824509,7.587,0
55.755805748,37.620856344,7.636,0
55.755805167,37.620888182,7.702,0
55.755804640,37.620920022,7.766,0
55.755804120,37.620951863,7.823,0
55.755803612,37.620983705,7.854,0
55.755803122,37.621015548,7.896,0
55.755802656,37.621047391,7.945,0
55.755802253,37.621079238,7.991,0
55.755801863,37.621111085,8.049,0
55.755801454,37.621142931,8.084,0
55.755801047,37.621174777,8.117,0
55.755800701,37.621206625,8.173,0
55.755800483,37.621238477,8.236,0
55.755800527,37.621270330,8.291,0
55.755800784,37.621302181,8.342,0
55.755801139,37.621334029,8.400,0
55.755801587,37.621365874,8.456,0
55.755802166,37.621397711,8.484,0
55.755802913,37.621429538,8.514,0
55.755803779,37.621461355,8.569,0
55.755804676,37.621493169,8.623,0
55.755805497,37.621524991,8.674,0
55.755806254,37.621556817,8.746,0
55.755807006,37.621588643,8.850,0
55.755807769,37.621620469,8.903,0
55.755808373,37.621652304,8.926,0
55.755808656,37.621684153,8.972,0
55.755808673,37.621716007,9.030,0
55.755808451,37.621747858,9.108,0
55.755807963,37.621779700,9.192,0
55.755807216,37.621811526,9.277,0
55.755806282,37.621843337,9.356,0
55.755805242,37.621875138,9.411,0
55.755804182,37.621906937,9.459,0
55.755803232,37.621938747,9.505,0
55.755802331,37.621970561,9.534,0
55.755801546,37.622002384,9.573,0
55.755801071,37.622034226,9.598,0
55.755800911,37.622066078,9.627,0
55.755800904,37.622097932,9.695,0
55.755800839,37.622129786,9.774,0
55.755800693,37.622161640,9.861,0
55.755800490,37.622193492,9.946,0
55.755800306,37.622225345,10.036,0
55.755800178,37.622257198,10.101,0
55.755799898,37.622289048,10.155,0
55.755799466,37.622320893,10.207,0
55.755799169,37.622352742,10.248,0
55.755799183,37.622384595,10.283,0
55.755799629,37.622416437,10.314,0
55.755800545,37.622448247,10.361,0
55.755801903,37.622480008,10.421,0
55.755803788,37.622511682,10.466,0
55.755806385,37.622543194,10.498,0
55.755809724,37.622574487,10.537,0
55.755813800,37.622605503,10.581,0
55.755818601,37.622636193,10.620,0
55.755824026,37.622666556,10.648,0
55.755829958,37.622696620,10.701,0
55.755836491,37.622726286,10.771,0
55.755843416,37.622755678,10.839,0
55.755850559,37.622784905,10.926,0
55.755857980,37.622813912,11.002,0
55.755865710,37.622842665,11.073,0
55.755873823,37.622871083,11.166,0
55.755882346,37.622899121,11.237,0
55.755891375,37.622926654,11.293,0
55.755900971,37.622953576,11.351,0
55.755911229,37.622979716,11.451,0
55.755922266,37.623004835,11.558,0
55.755934152,37.623028700,11.643,0
55.755946827,37.623051256,11.684,0
55.755960155,37.623072602,11.767,0
55.755974012,37.623092863,11.817,0
55.755988438,37.623111828,11.852,0
55.756003160,37.623130081,11.912,0
55.756018008,37.623148010,11.995,0
55.756032847,37.623165961,12.040,0
55.756047467,37.623184467,12.107,0
55.756061792,37.623203682,12.167,0
55.756075911,37.623223374,12.169,0
55.756089911,37.623243335,12.187,0
55.756103717,37.623263713,12.230,0
55.756117526,37.623284085,12.297,0
55.756131536,37.623304022,12.352,0
55.756145896,37.623323154,12.414,0
55.756160529,37.623341629,12.484,0
55.756175354,37.623359617,12.536,0
55.756190287,37.623377321,12.563,0
55.756205382,37.623394589,12.633,0
55.756220571,37.623411594,12.750,0
55.756235828,37.623428409,12.824,0
55.756251044,37.623445338,12.927,0
55.756266174,37.623462510,12.978,0
55.756281229,37.623479888,13.040,0
55.756296223,37.623497429,13.125,0
55.756311170,37.623515099,13.222,0
55.756326058,37.623532922,13.282,0
55.756340904,37.623550855,13.337,0
55.756355586,37.623569208,13.387,0
55.756370165,37.623587818,13.475,0
55.756384632,37.623606700,13.553,0
55.756399082,37.623625625,13.598,0
55.756413518,37.623644581,13.672,0
55.756428028,37.623663360,13.739,0
55.756442579,37.623682039,13.822,0
55.756457217,37.623700504,13.899,0
55.756472087,37.623718371,14.016,0
55.756487128,37.623735788,14.079,0
55.756502335,37.623752743,14.163,0
55.756517712,37.623769207,14.244,0
55.756533266,37.623785141,14.350,0
55.756548949,37.623800674,14.412,0
55.756564668,37.623816093,14.487,0
55.756580375,37.623831550,14.569,0
55.756595973,37.623847351,14.592,0
55.756611451,37.623863516,14.642,0
55.756626813,37.623880027,14.689,0
55.756642047,37.623896905,14.789,0
55.756657087,37.623914321,14.863,0
55.756671973,37.623932152,14.970,0
55.756686745,37.623950275,15.063,0
55.756701394,37.623968711,15.140,0
55.756715965,37.623987341,15.155,0
55.756730529,37.624005988,15.219,0
55.756745115,37.624024582,15.270,0
55.756759711,37.624043150,15.339,0
55.756774411,37.624061456,15.378,0
55.756789201,37.624079535,15.441,0
55.756804027,37.624097521,15.539,0
55.756818930,37.624115306,15.595,0
55.756833918,37.624132864,15.652,0
55.756848974,37.624150239,15.721,0
55.756864032,37.624167610,15.792,0
55.756879142,37.624184836,15.906,0
55.756894287,37.624201966,15.966,0
55.756909419,37.624219132,15.988,0
55.756924609,37.624236135,16.041,0
55.756939860,37.624252967,16.122,0
55.756955238,37.624269431,16.179,0
55.756970683,37.624285697,16.270,0
55.756986233,37.624301643,16.299,0
55.757001865,37.624317336,16.359,0
55.757017521,37.624332956,16.406,0
55.757033248,37.624348349,16.463,0
55.757049045,37.624363513,16.530,0
55.757064844,37.624378672,16.639,0
55.757080579,37.624394039,16.652,0
55.757096263,37.624409570,16.701,0
55.757111909,37.624425219,16.791,0
55.757127470,37.624441132,16.840,0
55.757142951,37.624457289,16.894,0
55.757158377,37.624473613,16.954,0
55.757173741,37.624490117,17.001,0
55.757189109,37.624506612,17.032,0
55.757204451,37.624523179,17.066,0
55.757219838,37.624539618,17.094,0
55.757235317,37.624555780,17.144,0
55.757250908,37.624571603,17.201,0
55.757266660,37.624586913,17.251,0
55.757282437,37.624602145,17.353,0
55.757298157,37.624617560,17.411,0
55.757313746,37.624633387,17.489,0
55.757329296,37.624649334,17.563,0
55.757344723,37.624665652,17.618,0
55.757360011,37.624682378,17.650,0
55.757375089,37.624699692,17.707,0
55.757389951,37.624717583,17.726,0
55.757404692,37.624735788,17.798,0
55.757419402,37.624754071,17.839,0
55.757434123,37.624772326,17.893,0
55.757448795,37.624790705,17.919,0
55.757463544,37.624808889,17.994,0
55.757478199,37.624827309,18.030,0
55.757492982,37.624845407,18.113,0
55.757507909,37.624863129,18.161,0
55.757522836,37.624880849,18.225,0
55.757537939,37.624898096,18.278,0
55.757553276,37.624914677,18.337,0
55.757568663,37.624931115,18.404,0
55.757584078,37.624947470,18.471,0
55.757599514,37.624963764,18.541,0
55.757614844,37.624980366,18.641,0
55.757629947,37.624997613,18.688,0
55.757644789,37.625015556,18.738,0
55.757659383,37.625034129,18.743,0
55.757673540,37.625053737,18.770,0
55.757687553,37.625073667,18.806,0
55.757701763,37.625093152,18.847,0
55.757716549,37.625111222,18.877,0
55.757731761,37.625128162,18.925,0
55.757747369,37.625143922,18.997,1
55.757763288,37.625158674,19.016,0
55.757779263,37.625173224,19.070,0
55.757794573,37.625189867,19.167,0
55.757809334,37.625208004,19.237,0
55.757823954,37.625226511,19.342,0
55.757838667,37.625244786,19.427,0
55.757853286,37.625263296,19.474,0
55.757867863,37.625281912,19.533,0
55.757882445,37.625300514,19.590,0
55.757897200,37.625318679,19.649,0
55.757912026,37.625336664,19.718,0
55.757926916,37.625354482,19.790,0
55.757941845,37.625372199,19.857,0
55.757956764,37.625389940,19.907,0
55.757971818,37.625407319,19.947,0
55.757987018,37.625424294,20.013,0
55.758002444,37.625440610,20.080,0
55.758017982,37.625456594,20.130,0
55.758033656,37.625472155,20.216,0
55.758049444,37.625487347,20.288,0
55.758065334,37.625502205,20.328,0
55.758081302,37.625516794,20.358,0
55.758097260,37.625531419,20.379,0
55.758113056,37.625546584,20.433,0
55.758128708,37.625562215,20.463,0
55.758143958,37.625579031,20.471,0
55.758158184,37.625598434,20.501,0
55.758172041,37.625618703,20.583,0
55.758185746,37.625639289,20.619,0
55.758199056,37.625660680,20.648,0
55.758212594,37.625681607,20.701,0
55.758226506,37.625701757,20.792,0
55.758241383,37.625719588,20.800,0
55.758257047,37.625735180,20.826,0
55.758272577,37.625751188,20.817,0
55.758287905,37.625767798,20.877,0
55.758303336,37.625784106,20.883,0
55.758318793,37.625800333,20.890,0
55.758334080,37.625817061,20.949,0
55.758349277,37.625834046,20.964,0
55.758364429,37.625851156,20.979,0
55.758379619,37.625868156,21.029,0
55.758395053,37.625884450,21.042,0
55.758410742,37.625899961,21.083,0
55.758426632,37.625914821,21.148,0
55.758442599,37.625929413,21.207,0
55.758458618,37.625943828,21.239,0
55.758474573,37.625958461,21.257,0
55.758490400,37.625973527,21.260,0
55.758506075,37.625989085,21.246,0
55.758521627,37.626005025,21.293,0
55.758537131,37.626021116,21.312,0
55.758552582,37.626037361,21.349,0
55.758567985,37.626053751,21.402,0
55.758583225,37.626070614,21.429,0
55.758598403,37.626087652,21.463,0
55.758613555,37.626104760,21.507,0
55.758628850,37.626121466,21.525,0
55.758644223,37.626137944,21.559,0
55.758659554,37.626154545,21.626,0
55.758674849,37.626171250,21.663,0
55.758690087,37.626188120,21.695,0
55.758705380,37.626204829,21.708,0
55.758720681,37.626221519,21.744,0
55.758735931,37.626238353,21.804,0
55.758751112,37.626255380,21.876,0
55.758766184,37.626272710,21.898,0
55.758781137,37.626290362,21.919,0
55.758795944,37.626308398,21.908,0
55.758810674,37.626326629,21.889,0
55.758825338,37.626345028,21.958,0
55.758840045,37.626363318,22.028,0
55.758854868,37.626381311,22.057,0
55.758869763,37.626399117,22.076,0
55.758884731,37.626416729,22.118,0
55.758899748,37.626434209,22.129,0
55.758914851,37.626451454,22.175,0
55.758930073,37.626468367,22.183,0
55.758945390,37.626485010,22.255,0
55.758960728,37.626501590,22.321,0
55.758976069,37.626518163,22.379,0
55.758991413,37.626534727,22.410,0
55.759006765,37.626551266,22.466,0
55.759022154,37.626567698,22.507,0
55.759037613,37.626583922,22.504,0
55.759053039,37.626600243,22.515,0
55.759068453,37.626616602,22.542,0
55.759083869,37.626632953,22.577,0
55.759099269,37.626649353,22.624,0
55.759114638,37.626665843,22.647,0
55.759130020,37.626682296,22.657,0
55.759145408,37.626698729,22.696,0
55.759160743,37.626715318,22.701,0
55.759176125,37.626731770,22.721,0
55.759191539,37.626748130,22.774,0
55.759206945,37.626764510,22.817,0
55.759222364,37.626780854,22.850,0
55.759237807,37.626797125,22.863,0
55.759253272,37.626813331,22.888,0
55.759268757,37.626829475,22.872,0
55.759284305,37.626845431,22.899,0
55.759299812,37.626861510,22.905,0
55.759315220,37.626877884,22.932,0
55.759330478,37.626894694,22.928,0
55.759345635,37.626911790,22.911,0
55.759360710,37.626929113,22.928,0
55.759375697,37.626946673,22.940,0
55.759390686,37.626964229,22.981,0
55.759405658,37.626981830,22.989,0
55.759420572,37.626999587,23.017,0
55.759435462,37.627017406,23.027,0
55.759450359,37.627035205,23.005,0
55.759465195,37.627053165,23.026,0
55.759479954,37.627071324,23.013,0
55.759494650,37.627089640,23.045,0
55.759509235,37.627108237,23.056,0
55.759523735,37.627127038,23.069,0
55.759538228,37.627145858,23.076,0
55.759552758,37.627164590,23.092,0
55.759567335,37.627183204,23.141,0
55.759581855,37.627201959,23.158,0
55.759596315,37.627220857,23.141,0
55.759610766,37.627239779,23.132,0
55.759625216,37.627258704,23.131,0
55.759639686,37.627277578,23.135,0
55.759654209,37.627296326,23.129,0
55.759668746,37.627315040,23.125,0
55.759683303,37.627333702,23.098,0
55.759697959,37.627352120,23.089,0
55.759712672,37.627370396,23.090,0
55.759727400,37.627388634,23.087,0
55.759742044,37.627407081,23.104,0
55.759756605,37.627425735,23.104,0
55.759771111,37.627444525,23.100,0
55.759785530,37.627463522,23.116,0
55.759799818,37.627482826,23.115,0
55.759813960,37.627502468,23.104,0
55.759827963,37.627522418,23.100,0
55.759841800,37.627542731,23.102,0
55.759855679,37.627562955,23.082,0
55.759869601,37.627583085,23.043,0
55.759883540,37.627603176,23.041,0
55.759897611,37.627622978,23.010,0
55.759911893,37.627642290,22.988,0
55.759926547,37.627660707,22.990,0
55.759941590,37.627678105,23.019,0
55.759957014,37.627694426,22.992,0
55.759972711,37.627709911,22.975,0
55.759988629,37.627724667,22.992,0
55.760004704,37.627738885,23.014,0
55.760020858,37.627752817,23.026,0
55.760037038,37.627766654,23.003,0
55.760053151,37.627780733,23.031,0
55.760069165,37.627795161,23.063,0
55.760084965,37.627810309,23.072,0
55.760100447,37.627826449,23.036,0
55.760115474,37.627843888,23.016,0
55.760129999,37.627862613,23.037,0
55.760143958,37.627882646,23.058,0
55.760157271,37.627904013,23.057,0
55.760169856,37.627926724,23.017,0
55.760181682,37.627950685,22.999,0
55.760192694,37.627975834,22.981,0
55.760202933,37.628001998,22.934,0
55.760212455,37.628028997,22.917,0
55.760221160,37.628056848,22.923,0
55.760228887,37.628085585,22.939,0
55.760235592,37.628115124,22.949,0
55.760241256,37.628145334,22.919,0
55.760245884,37.628176102,22.896,0
55.760249522,37.628207283,22.901,0
55.760251837,37.628238842,22.897,0
55.760252637,37.628270639,22.887,0
55.760251850,37.628302432,22.902,0
55.760249650,37.628334029,22.878,0
55.760246020,37.628365201,22.852,0
55.760240883,37.628395699,22.835,0
55.760234181,37.628425224,22.819,0
55.760226291,37.628453828,22.790,0
55.760217501,37.628481600,22.746,0
55.760208125,37.628508767,22.692,0
55.760198580,37.628535753,22.659,0
55.760188939,37.628562631,22.630,0
55.760179350,37.628589567,22.571,0
55.760169980,37.628616743,22.528,0
55.760160787,37.628644110,22.489,0
55.760151780,37.628671670,22.474,0
55.760142995,37.628699455,22.402,0
55.760134330,37.628727358,22.350,0
55.760125566,37.628755164,22.307,0
55.760116761,37.628782930,22.270,0
55.760108018,37.628810756,22.228,0
55.760099213,37.628838522,22.198,0
55.760090570,37.628866446,22.216,0
55.760082026,37.628894467,22.197,0
55.760073596,37.628922595,22.150,0
55.760065338,37.628950883,22.095,0
55.760057251,37.628979327,22.062,0
55.760049225,37.629007825,22.005,0
55.760041233,37.629036353,21.982,0
55.760033217,37.629064860,21.938,0
55.760025034,37.629093217,21.908,0
55.760016741,37.629121474,21.816,0
55.760008231,37.629149526,21.755,0
55.759999410,37.629177274,21.673,0
55.759990470,37.629204903,21.621,0
55.759981405,37.629232404,21.553,0
55.759972175,37.629259732,21.505,0
55.759963009,37.629287127,21.511,0
55.759953992,37.629314678,21.518,0
55.759945013,37.629342267,21.483,0
55.759936184,37.629370008,21.407,0
55.759927697,37.629398082,21.353,0
55.759919259,37.629426204,21.274,0
55.759910842,37.629454344,21.256,0
55.759902446,37.629482505,21.206,0
55.759894122,37.629510733,21.158,0
55.759885716,37.629538884,21.140,0
55.759877230,37.629566961,21.054,0
55.759868818,37.629595106,20.958,0
55.759860255,37.629623108,20.889,0
55.759851725,37.629651143,20.847,0
55.759843206,37.629679186,20.830,0
55.759834637,37.629707183,20.807,0
55.759825861,37.629734977,20.779,0
55.759817027,37.629762713,20.768,0
55.759807979,37.629790231,20.732,0
55.759798827,37.629817641,20.685,0
55.759789724,37.629845103,20.629,0
55.759780601,37.629872543,20.534,0
55.759771521,37.629900028,20.481,0
55.759762467,37.629927541,20.377,0
55.759753471,37.629955113,20.348,0
55.759744540,37.629982752,20.297,0
55.759735861,37.630010641,20.230,0
55.759727302,37.630038647,20.209,0
55.759718854,37.630066759,20.165,0
55.759710493,37.630094952,20.178,0
55.759702163,37.630123174,20.143,0
55.759693893,37.630151453,20.091,0
55.759685707,37.630179807,20.025,0
55.759677623,37.630208253,19.956,0
55.759669557,37.630236716,19.908,0
55.759661477,37.630265166,19.864,0
55.759653383,37.630293604,19.776,0
55.759645277,37.630322031,19.726,0
55.759637310,37.630350580,19.709,0
55.759629460,37.630379233,19.682,0
55.759621697,37.630407958,19.651,0
55.759613977,37.630436721,19.579,0
55.759606274,37.630465498,19.535,0
55.759598457,37.630494178,19.515,0
55.759590482,37.630522722,19.486,0
55.759582432,37.630551198,19.422,0
55.759574279,37.630579583,19.419,0
55.759566071,37.630607917,19.371,0
55.759557754,37.630636151,19.339,0
55.759549261,37.630664220,19.269,0
55.759540695,37.630692220,19.234,0
55.759532207,37.630720293,19.138,0
55.759523764,37.630748410,19.074,0
55.759515419,37.630776618,19.034,0
55.759506925,37.630804687,19.007,0
55.759498271,37.630832601,18.948,0
55.759489475,37.630860375,18.907,0
55.759480641,37.630888111,18.840,0
55.759471831,37.630915872,18.806,0
55.759463024,37.630943635,18.732,0
55.759454280,37.630971461,18.695,0
55.759445444,37.630999196,18.601,0
55.759436669,37.631026990,18.566,0
55.759427906,37.631054797,18.505,0
55.759419171,37.631082632,18.441,0
55.759410401,37.631110432,18.375,0
55.759401470,37.631138071,18.295,0
55.759392346,37.631165510,18.243,0
55.759383032,37.631192747,18.143,0
55.759373639,37.631219900,18.036,0
55.759364157,37.631246955,17.959,0
55.759354619,37.631273948,17.968,0
55.759345106,37.631300969,17.929,0
55.759335646,37.631328049,17.898,0
55.759326176,37.631355117,17.812,0
55.759316858,37.631382350,17.770,0
55.759307607,37.631409656,17.742,0
55.759298430,37.631437040,17.720,0
55.759289444,37.631464622,17.639,0
55.759280527,37.631492274,17.595,0
55.759271736,37.631520053,17.569,0
55.759263034,37.631547921,17.515,0
55.759254570,37.631576017,17.488,0
55.759246207,37.631604209,17.365,0
55.759237989,37.631632535,17.324,0
55.759229889,37.631660967,17.262,0
55.759221694,37.631689312,17.197,0
55.759213405,37.631717573,17.131,0
55.759204962,37.631745690,17.085,0
55.759196470,37.631773760,17.063,0
55.759187845,37.631801703,17.010,0
55.759179041,37.631829469,16.953,0
55.759170198,37.631857196,16.897,0
55.759161342,37.631884910,16.860,0
55.759152598,37.631912736,16.796,0
55.759144086,37.631940786,16.778,0
55.759135750,37.631969004,16.750,0
55.759127649,37.631997435,16.728,0
55.759119704,37.632026004,16.720,0
55.759112082,37.632054848,16.645,0
55.759104580,37.632083791,16.581,0
55.759097119,37.632112768,16.546,0
55.759089686,37.632141768,16.520,0
55.759082327,37.632170827,16.448,0
55.759074932,37.632199857,16.428,0
55.759067311,37.632228702,16.395,0
55.759059638,37.632257504,16.363,0
55.759051745,37.632286118,16.320,0
55.759043648,37.632314553,16.295,0
55.759035324,37.632342781,16.244,0
55.759026913,37.632370928,16.153,0
55.759018343,37.632398924,16.089,0
55.759009806,37.632426951,16.026,0
55.759001329,37.632455035,16.011,0
55.758992774,37.632483045,15.978,0
55.758984112,37.632510952,15.930,0
55.758975426,37.632538834,15.905,0
55.758966846,37.632566820,15.892,0
55.758958191,37.632594734,15.876,0
55.758949599,37.632622708,15.872,0
55.758940927,37.632650604,15.823,0
55.758932183,37.632678430,15.828,0
55.758923430,37.632706247,15.808,0
55.758914706,37.632734093,15.805,0
55.758905977,37.632761934,15.762,0
55.758897363,37.632789887,15.690,0
55.758888947,37.632818029,15.667,0
55.758880477,37.632846120,15.623,0
55.758872101,37.632874299,15.608,0
55.758863787,37.632902537,15.565,0
55.758855591,37.632930882,15.503,0
55.758847529,37.632959349,15.488,0
55.758839759,37.632988068,15.430,0
55.758832013,37.633016809,15.389,0
55.758824244,37.633045530,15.320,0
55.758816565,37.633074328,15.328,0
55.758808767,37.633103024,15.299,0
55.758800877,37.633131641,15.257,0
55.758792734,37.633160035,15.165,0
55.758784578,37.633188416,15.122,0
55.758776236,37.633216628,15.091,0
55.758767757,37.633244711,15.064,0
55.758759150,37.633272670,15.014,0
55.758750340,37.633300431,14.963,0
55.758741461,37.633328121,14.943,0
55.758732591,37.633355822,14.945,0
55.758723722,37.633383523,14.937,0
55.758714567,37.633410930,14.934,0
55.758705387,37.633438311,14.938,0
55.758696161,37.633465643,14.898,0
55.758686734,37.633492758,14.846,0
55.758677247,37.633519808,14.798,0
55.758667717,37.633546809,14.781,0
55.758657960,37.633573556,14.760,0
55.758648129,37.633600216,14.719,0
55.758638679,37.633627307,14.695,0
55.758629399,37.633654581,14.670,0
55.758620112,37.633681848,14.673,0
55.758611164,37.633709469,14.664,0
55.758602330,37.633737205,14.644,0
55.758593729,37.633765170,14.607,0
55.758585635,37.633793608,14.613,0
55.758577926,37.633822379,14.598,0
55.758570267,37.633851193,14.552,0
55.758562834,37.633880192,14.550,0
55.758555823,37.633909520,14.527,0
55.758548977,37.633938971,14.530,0
55.758542251,37.633968508,14.493,0
55.758535227,37.633997825,14.477,0
55.758527915,37.634026921,14.479,0
55.758520401,37.634055854,14.440,0
55.758512489,37.634084449,14.361,0
55.758503928,37.634112453,14.355,0
55.758495023,37.634140117,14.301,0
55.758485791,37.634167442,14.292,0
55.758476284,37.634194470,14.241,0
55.758466730,37.634221444,14.238,0
55.758457370,37.634248632,14.218,0
55.758448301,37.634276125,14.203,0
55.758439925,37.634304294,14.202,0
55.758432702,37.634333434,14.193,0
55.758426214,37.634363123,14.211,0
55.758420102,37.634392950,14.125,0
55.758420269,37.634424659,14.102,1
55.758421383,37.634456407,13.997,0
55.758417987,37.634487540,13.964,0
55.758414410,37.634518748,13.932,0
55.758409787,37.634549468,13.927,0
55.758403146,37.634579030,13.944,0
55.758395677,37.634608000,13.981,0
55.758388575,37.634637251,14.006,0
55.758382087,37.634666952,13.984,0
55.758376012,37.634696928,13.959,0
55.758370301,37.634727127,13.947,0
55.758364952,37.634757534,13.935,0
55.758359933,37.634788119,13.931,0
55.758355234,37.634818863,13.905,0
55.758350774,37.634849720,13.851,0
55.758346614,37.634880706,13.833,0
55.758342852,37.634911852,13.806,0
55.758339353,37.634943096,13.781,0
55.758335886,37.634974352,13.805,0
55.758332279,37.635005557,13.793,0
55.758328531,37.635036710,13.817,0
55.758324768,37.635067857,13.842,0
55.758320995,37.635099001,13.852,0
55.758317012,37.635130062,13.869,0
55.758312597,37.635160935,13.879,0
55.758307860,37.635191662,13.886,0
55.758303017,37.635222337,13.895,0
55.758298247,37.635253047,13.889,0
55.758293567,37.635283801,13.886,0
55.758288860,37.635314543,13.881,0
55.758284170,37.635345292,13.854,0
55.758279658,37.635376125,13.832,0
55.758275487,37.635407106,13.833,0
55.758271635,37.635438219,13.814,0
55.758268043,37.635469430,13.800,0
55.758264704,37.635500728,13.764,0
55.758261684,37.635532127,13.755,0
55.758259085,37.635563644,13.761,0
55.758256827,37.635595245,13.757,0
55.758254816,37.635626899,13.730,0
55.758253076,37.635658602,13.750,0
55.758251615,37.635690350,13.778,0
55.758250489,37.635722140,13.770,0
55.758249689,37.635753962,13.737,0
55.758249075,37.635785798,13.718,0
55.758248617,37.635817641,13.701,0
55.758248304,37.635849491,13.709,0
55.758248110,37.635881343,13.724,0
55.758248115,37.635913197,13.730,0
55.758248382,37.635945047,13.724,0
55.758248776,37.635976894,13.719,0
55.758249230,37.636008738,13.706,0
55.758249814,37.636040575,13.699,0
55.758250427,37.636072411,13.688,0
55.758251078,37.636104245,13.660,0
55.758251823,37.636136072,13.651,0
55.758252655,37.636167892,13.670,0
55.758253490,37.636199712,13.683,0
55.758254350,37.636231529,13.638,0
55.758255274,37.636263342,13.621,0
55.758256272,37.636295147,13.620,0
55.758257549,37.636326919,13.612,0
55.758259110,37.636358652,13.617,0
55.758260905,37.636390347,13.612,0
55.758262761,37.636422031,13.613,0
55.758264669,37.636453705,13.623,0
55.758266615,37.636485372,13.619,0
55.758268545,37.636517042,13.630,0
55.758270487,37.636548709,13.616,0
55.758272341,37.636580393,13.617,0
55.758274086,37.636612097,13.650,0
55.758275680,37.636643825,13.669,0
55.758277245,37.636675559,13.662,0
55.758278830,37.636707289,13.681,0
55.758280489,37.636739007,13.711,0
55.758282263,37.636770706,13.748,0
55.758284053,37.636802401,13.770,0
55.758285730,37.636834117,13.798,0
55.758287392,37.636865834,13.807,0
55.758289242,37.636897519,13.808,0
55.758291296,37.636929164,13.848,0
55.758293537,37.636960769,13.871,0
55.758295985,37.636992326,13.889,0
55.758298731,37.637023804,13.894,0
55.758301772,37.637055198,13.905,0
55.758305235,37.637086452,13.892,0
55.758309043,37.637117582,13.886,0
55.758313030,37.637148641,13.886,0
55.758317229,37.637179613,13.900,0
55.758321613,37.637210504,13.908,0
55.758326140,37.637241330,13.901,0
55.758330791,37.637272098,13.901,0
55.758335652,37.637302763,13.917,0
55.758340677,37.637333346,13.924,0
55.758345835,37.637363858,13.918,0
55.758351100,37.637394314,13.930,0
55.758356390,37.637424755,13.975,0
55.758361701,37.637455186,13.975,0
55.758366961,37.637485644,13.991,0
55.758372136,37.637516147,14.034,0
55.758377163,37.637546729,14.091,0
55.758382043,37.637577385,14.092,0
55.758386718,37.637608141,14.085,0
55.758391197,37.637638989,14.112,0
55.758395573,37.637669884,14.133,0
55.758399787,37.637700849,14.159,0
55.758403780,37.637731906,14.173,0
55.758407593,37.637763034,14.187,0
55.758411298,37.637794204,14.227,0
55.758414912,37.637825407,14.249,0
55.758418578,37.637856590,14.258,0
55.758422338,37.637887739,14.293,0
55.758426089,37.637918891,14.315,0
55.758429875,37.637950030,14.345,0
55.758433768,37.637981128,14.386,0
55.758437741,37.638012193,14.414,0
55.758441779,37.638043232,14.401,0
55.758445876,37.638074247,14.413,0
55.758449908,37.638105288,14.418,0
55.758453880,37.638136354,14.443,0
55.758457811,37.638167436,14.516,0
55.758461734,37.638198522,14.568,0
55.758465627,37.638229620,14.614,0
55.758469397,37.638260764,14.663,0
55.758473002,37.638291970,14.744,0
55.758476484,37.638323221,14.787,0
55.758479969,37.638354470,14.817,0
55.758483493,37.638385705,14.876,0
55.758487139,37.638416896,14.911,0
55.758490812,37.638448078,14.923,0
55.758494589,37.638479220,14.915,0
55.758498496,37.638510311,14.916,0
55.758502580,37.638541331,14.921,0
55.758506770,37.638572307,14.972,0
55.758510989,37.638603270,15.007,0
55.758515239,37.638634220,15.015,0
55.758519542,37.638665147,15.075,0
55.758523889,37.638696055,15.112,0
55.758528227,37.638726967,15.159,0
55.758532592,37.638757866,15.217,0
55.758537064,37.638788718,15.274,0
55.758541681,37.638819501,15.345,0
55.758546486,37.638850195,15.394,0
55.758551442,37.638880813,15.389,0
55.758556487,37.638911385,15.423,0
55.758561631,37.638941905,15.424,0
55.758566863,37.638972379,15.424,0
55.758572059,37.639002871,15.453,0
55.758577088,37.639033452,15.478,0
55.758581973,37.639064105,15.481,0
55.758586619,37.639094875,15.531,0
55.758590935,37.639125795,15.548,0
55.758594962,37.639156838,15.571,0
55.758598974,37.639187888,15.579,0
55.758603178,37.639218857,15.633,0
55.758607643,37.639249711,15.691,0
55.758612288,37.639280482,15.712,0
55.758617029,37.639311207,15.721,0
55.758621914,37.639341860,15.777,0
55.758626966,37.639372429,15.814,0
55.758631839,37.639403088,15.856,0
55.758636312,37.639433937,15.914,0
55.758640387,37.639464960,15.994,0
55.758644262,37.639496064,16.023,0
55.758647892,37.639527261,16.083,0
55.758651323,37.639558528,16.107,0
55.758654412,37.639589907,16.149,0
55.758657083,37.639621406,16.195,0
55.758659366,37.639653001,16.243,0
55.758661599,37.639684608,16.299,0
55.758663192,37.639716334,16.342,0
55.758663458,37.639748173,16.374,0
55.758664735,37.639779921,16.397,0
55.758666732,37.639811568,16.465,0
55.758671183,37.639842348,16.516,1
55.758677230,37.639872338,16.587,0
55.758684301,37.639901618,16.636,0
55.758690777,37.639931317,16.683,0
55.758695684,37.639961948,16.684,0
55.758701271,37.639992216,16.754,0
55.758705849,37.640023016,16.889,0
55.758709940,37.640054033,16.923,0
55.758714110,37.640085016,16.986,0
55.758718553,37.640115881,17.040,0
55.758722812,37.640146826,17.077,0
55.758726715,37.640177919,17.093,0
55.758730541,37.640209042,17.139,0
55.758734222,37.640240220,17.211,0
55.758738007,37.640271359,17.297,0
55.758741874,37.640302467,17.338,0
55.758745858,37.640333528,17.383,0
55.758749846,37.640364586,17.404,0
55.758754249,37.640395466,17.425,0
55.758759007,37.640426183,17.480,0
55.758763722,37.640456919,17.519,0
55.758768000,37.640487854,17.569,0
55.758771874,37.640518958,17.596,0
55.758775546,37.640550140,17.617,0
55.758779024,37.640581391,17.630,0
55.758782115,37.640612765,17.626,0
55.758784539,37.640644324,17.654,0
55.758786429,37.640676000,17.656,0
55.758788093,37.640707718,17.651,0
55.758789801,37.640739428,17.671,0
55.758791684,37.640771106,17.706,0
55.758793775,37.640802743,17.756,0
55.758796082,37.640834334,17.781,0
55.758798720,37.640865839,17.849,0
55.758801913,37.640897183,17.905,0
55.758805589,37.640928362,17.973,0
55.758809663,37.640959384,18.009,0
55.758814124,37.640990239,18.018,0
55.758818765,37.641021012,18.057,0
55.758823493,37.641051743,18.114,0
55.758828368,37.641082402,18.173,0
55.758833148,37.641113107,18.218,0
55.758837690,37.641143926,18.240,0
55.758842098,37.641174806,18.203,0
55.758846293,37.641205778,18.189,0
55.758850150,37.641236889,18.209,0
55.758853809,37.641268075,18.202,0
55.758857365,37.641299298,18.185,0
55.758860728,37.641330590,18.174,0
55.758864113,37.641361873,18.200,0
55.758867584,37.641393127,18.213,0
55.758871148,37.641424348,18.213,0
55.758874849,37.641455519,18.229,0
55.758878681,37.641486640,18.221,0
55.758882649,37.641517707,18.204,0
55.758886829,37.641548686,18.215,0
55.758891208,37.641579580,18.226,0
55.758895739,37.641610404,18.236,0
55.758900460,37.641641138,18.250,0
55.758905344,37.641671792,18.272,0
55.758910448,37.641702333,18.324,0
55.758915755,37.641732765,18.333,0
55.758921159,37.641763144,18.317,0
55.758926600,37.641793502,18.335,0
55.758932102,37.641823825,18.357,0
55.758937618,37.641854140,18.368,0
55.758943066,37.641884495,18.364,0
55.758948483,37.641914866,18.358,0
55.758953823,37.641945280,18.352,0
55.758959072,37.641975744,18.333,0
55.758964220,37.642006263,18.319,0
55.758969242,37.642036847,18.308,0
55.758974125,37.642067501,18.292,0
55.758978898,37.642098211,18.306,0
55.758983543,37.642128981,18.327,0
55.758987971,37.642159852,18.309,0
55.758992207,37.642190808,18.305,0
55.758996282,37.642221831,18.307,0
55.759000266,37.642252892,18.324,0
55.759004136,37.642283999,18.326,0
55.759007891,37.642315149,18.322,0
55.759011526,37.642346345,18.287,0
55.759015115,37.642377557,18.277,0
55.759018739,37.642408756,18.264,0
55.759022428,37.642439932,18.236,0
55.759026148,37.642471096,18.241,0
55.759029807,37.642502282,18.229,0
55.759033420,37.642533485,18.214,0
55.759037051,37.642564682,18.200,0
55.759040777,37.642595844,18.210,0
55.759044569,37.642626980,18.214,0
55.759048324,37.642658131,18.192,0
55.759052140,37.642689258,18.177,0
55.759056079,37.642720337,18.195,0
55.759060206,37.642751338,18.189,0
55.759064539,37.642782252,18.158,0
55.759068942,37.642813135,18.143,0
55.759073414,37.642843986,18.130,0
55.759078077,37.642874747,18.081,0
55.759083006,37.642905379,18.082,0
55.759088019,37.642935968,18.081,0
55.759093036,37.642966554,18.050,0
55.759098075,37.642997130,18.021,0
55.759103100,37.643027713,18.024,0
55.759108109,37.643058303,18.039,0
55.759112989,37.643088959,18.043,0
55.759117692,37.643119703,18.031,0
55.759122290,37.643150495,18.021,0
55.759126808,37.643181326,18.010,0
55.759131261,37.643212186,17.980,0
55.759135698,37.643243054,17.949,0
55.759140246,37.643273870,17.912,0
55.759144965,37.643304605,17.873,0
55.759149884,37.643335241,17.840,0
55.759155084,37.643365730,17.804,0
55.759160619,37.643396033,17.767,0
55.759166363,37.643426215,17.742,0
55.759172317,37.643456267,17.707,0
55.759178435,37.643486218,17.684,0
55.759184477,37.643516216,17.674,0
55.759190347,37.643546320,17.641,0
55.759195783,37.643576675,17.589,0
55.759200528,37.643607391,17.579,0
55.759204258,37.643638529,17.571,0
55.759206822,37.643670045,17.542,0
55.759208228,37.643701781,17.509,0
55.759208184,37.643733606,17.475,0
55.759206720,37.643765335,17.440,0
55.759203937,37.643796783,17.403,0
55.759199959,37.643827832,17.325,0
55.759194828,37.643858340,17.225,0
55.759188962,37.643888446,17.160,0
55.759182479,37.643918145,17.095,0
55.759175222,37.643947276,17.028,0
55.759167352,37.643975906,16.969,0
55.759158825,37.644003934,16.926,0
55.759149637,37.644031299,16.889,0
55.759139802,37.644057947,16.832,0
55.759129208,37.644083659,16.754,0
55.759117861,37.644108342,16.716,0
55.759105812,37.644131955,16.678,0
55.759093182,37.644154600,16.637,0
55.759080018,37.644176265,16.569,0
55.759066342,37.644196909,16.491,0
55.759052259,37.644216678,16.445,0
55.759037815,37.644235611,16.408,0
55.759023074,37.644253811,16.359,0
55.759007922,37.644270908,16.329,0
55.758992423,37.644287006,16.270,0
55.758976616,37.644302131,16.239,0
55.758960601,37.644316556,16.181,0
55.758944336,37.644330067,16.139,0
55.758927781,37.644342421,16.124,0
55.758910999,37.644353774,16.105,0
55.758894050,37.644364322,16.054,0
55.758876945,37.644374044,15.969,0
55.758859730,37.644383138,15.878,0
55.758842410,37.644391584,15.812,0
55.758825010,37.644399500,15.751,0
55.758807598,37.644407330,15.664,0
55.758790238,37.644415511,15.558,0
55.758772934,37.644424062,15.491,0
55.758755714,37.644433129,15.443,0
55.758738576,37.644442672,15.389,0
55.758721525,37.644452694,15.279,0
55.758704546,37.644463092,15.205,0
55.758687580,37.644473560,15.128,0
55.758670568,37.644483790,15.090,0
55.758653427,37.644493309,15.025,0
55.758636155,37.644502057,14.943,0
55.758618741,37.644509868,14.864,0
55.758601239,37.644517038,14.823,0
55.758583641,37.644523420,14.763,0
55.758566008,37.644529507,14.726,0
55.758548350,37.644535349,14.657,0
55.758530664,37.644540926,14.596,0
55.758513006,37.644546772,14.535,0
55.758495383,37.644552948,14.480,0
55.758477781,37.644559304,14.457,0
55.758460223,37.644566033,14.461,0
55.758442722,37.644573212,14.435,0
55.758425232,37.644580477,14.356,0
55.758407768,37.644587933,14.312,0
55.758390371,37.644595867,14.270,0
55.758372986,37.644603891,14.219,0
55.758355607,37.644611948,14.175,0
55.758338257,37.644620197,14.138,0
55.758320917,37.644628518,14.078,0
55.758303575,37.644636827,14.042,0
55.758286235,37.644645141,13.991,0
55.758268849,37.644653152,13.916,0
55.758251413,37.644660819,13.865,0
55.758233963,37.644668375,13.846,0
55.758216506,37.644675885,13.821,0
55.758199034,37.644683285,13.791,0
55.758181531,37.644690456,13.763,0
55.758163993,37.644697343,13.696,0
55.758146437,37.644704089,13.637,0
55.758128903,37.644711013,13.563,0
55.758111386,37.644718069,13.511,0
55.758093894,37.644725315,13.453,0
55.758076418,37.644732689,13.373,0
55.758058957,37.644740170,13.305,0
55.758041545,37.644748000,13.235,0
55.758024189,37.644756215,13.155,0
55.758006881,37.644764740,13.085,0
55.757989612,37.644773510,13.042,0
55.757972404,37.644782649,13.023,0
55.757955241,37.644792049,12.995,0
55.757938083,37.644801484,12.906,0
55.757920953,37.644811073,12.907,0
55.757903834,37.644820724,12.856,0
55.757886744,37.644830537,12.798,0
55.757869663,37.644840396,12.732,0
55.757852585,37.644850276,12.629,0
55.757835511,37.644860173,12.552,0
55.757818393,37.644869829,12.510,0
55.757801257,37.644879387,12.425,0
55.757784093,37.644888784,12.392,0
55.757766858,37.644897761,12.327,0
55.757749526,37.644906128,12.287,0
55.757732147,37.644914187,12.254,0
55.757714728,37.644921972,12.230,0
55.757697246,37.644929297,12.174,0
55.757679753,37.644936540,12.097,0
55.757662299,37.644944071,12.085,0
55.757644868,37.644951765,12.035,0
55.757627458,37.644959612,11.990,0
55.757610078,37.644967668,11.943,0
55.757592692,37.644975674,11.867,0
55.757575300,37.644983646,11.803,0
55.757557932,37.644991779,11.742,0
55.757540573,37.644999971,11.692,0
55.757523190,37.645008006,11.627,0
55.757505789,37.645015915,11.563,0
55.757488393,37.645023856,11.543,0
55.757470995,37.645031786,11.491,0
55.757453595,37.645039698,11.471,0
55.757436215,37.645047757,11.405,0
55.757418837,37.645055819,11.370,0
55.757401449,37.645063816,11.278,0
55.757384032,37.645071612,11.249,0
55.757366628,37.645079498,11.236,0
55.757349220,37.645087365,11.188,0
55.757331796,37.645095112,11.165,0
55.757314365,37.645102809,11.171,0
55.757296905,37.645110294,11.104,0
55.757279397,37.645117419,11.041,0
55.757261867,37.645124379,11.029,0
55.757244337,37.645131333,11.017,0
55.757226790,37.645138153,11.009,0
55.757209235,37.645144904,10.961,0
55.757191664,37.645151522,10.919,0
55.757174082,37.645158053,10.916,0
55.757156485,37.645164455,10.951,0
55.757138873,37.645170724,10.932,0
55.757121224,37.645176656,10.887,0
55.757103566,37.645182505,10.855,0
55.757085894,37.645188225,10.830,0
55.757068222,37.645193935,10.823,0
55.757050562,37.645199765,10.836,0
55.757032903,37.645205609,10.822,0
55.757015263,37.645211626,10.792,0
55.756997654,37.645217919,10.752,0
55.756980079,37.645224506,10.738,0
55.756962505,37.645231105,10.754,0
55.756944960,37.645237939,10.728,0
55.756927440,37.645244972,10.747,0
55.756909900,37.645251849,10.748,0
55.756892365,37.645258760,10.723,0
55.756874821,37.645265605,10.689,0
55.756857284,37.645272506,10.685,0
55.756839740,37.645279350,10.687,0
55.756822221,37.645286392,10.683,0
55.756804728,37.645293636,10.647,0
55.756787233,37.645300858,10.672,0
55.756769775,37.645308365,10.664,0
55.756752394,37.645316410,10.656,0
55.756735041,37.645324638,10.616,0
55.756717816,37.645333675,10.613,0
55.756700727,37.645343492,10.626,0
55.756683719,37.645353739,10.672,0
55.756666812,37.645364504,10.677,0
55.756649977,37.645375616,10.673,0
55.756633311,37.645387501,10.681,0
55.756616639,37.645399361,10.690,0
55.756600021,37.645411456,10.758,0
55.756583133,37.645422307,10.764,0
55.756566067,37.645432250,10.736,0
55.756548784,37.645440937,10.754,0
55.756531356,37.645448567,10.756,0
55.756513574,37.645453038,10.793,0
55.756495832,37.645457983,10.823,0
55.756477956,37.645461053,10.880,1
55.756460078,37.645464146,10.889,0
55.756442270,37.645468269,10.898,0
55.756424562,37.645473505,10.876,0
55.756407228,37.645481792,10.880,0
55.756389652,37.645488369,10.916,0
55.756372117,37.645495283,10.939,0
55.756354591,37.645502263,10.909,0
55.756337037,37.645509030,10.879,0
55.756319470,37.645515682,10.847,0
55.756301869,37.645522042,10.821,0
55.756284237,37.645528132,10.854,0
55.756266579,37.645533985,10.850,0
55.756248923,37.645539849,10.832,0
55.756231294,37.645545965,10.807,0
55.756213715,37.645552513,10.792,0
55.756196160,37.645559268,10.812,0
55.756178590,37.645565902,10.827,0
55.756161010,37.645572445,10.825,0
55.756143426,37.645578956,10.829,0
55.756125860,37.645585624,10.873,0
55.756108310,37.645592415,10.871,0
55.756090794,37.645599474,10.845,0
55.756073355,37.645607109,10.858,0
55.756056030,37.645615512,10.856,0
55.756038817,37.645624620,10.875,0
55.756021691,37.645634230,10.925,0
55.756004647,37.645644291,10.966,0
55.755987658,37.645654638,10.993,0
55.755970729,37.645665292,11.012,0
55.755953844,37.645676160,11.041,0
55.755936944,37.645686960,11.090,0
55.755920034,37.645697707,11.126,0
55.755903162,37.645708640,11.166,0
55.755886301,37.645719624,11.197,0
55.755869405,37.645730443,11.248,0
55.755852485,37.645741139,11.279,0
55.755835557,37.645751798,11.290,0
55.755818653,37.645762575,11.349,0
55.755801751,37.645773365,11.388,0
55.755784792,37.645783861,11.412,0
55.755767741,37.645793885,11.465,0
55.755750653,37.645803709,11.474,0
55.755733561,37.645813508,11.507,0
55.755716461,37.645823263,11.559,0
55.755699303,37.645832689,11.610,0
55.755682035,37.645841460,11.654,0
55.755664708,37.645849865,11.708,0
55.755647359,37.645858126,11.746,0
55.755629985,37.645866216,11.809,0
55.755612557,37.645873933,11.852,0
55.755595063,37.645881168,11.863,0
55.755577535,37.645888136,11.880,0
55.755560009,37.645895119,11.918,0
55.755542507,37.645902297,11.962,0
55.755525011,37.645909516,11.996,0
55.755507503,37.645916638,12.060,0
55.755489974,37.645923600,12.128,0
55.755472449,37.645930591,12.213,0
55.755454968,37.645937922,12.289,0
55.755437509,37.645945423,12.339,0
55.755420044,37.645952872,12.381,0
55.755402576,37.645960305,12.442,0
55.755385120,37.645967820,12.495,0
55.755367687,37.645975502,12.521,0
55.755350269,37.645983294,12.563,0
55.755332842,37.645991019,12.616,0
55.755315387,37.645998540,12.658,0
55.755297912,37.646005921,12.729,0
55.755280425,37.646013209,12.812,0
55.755262934,37.646020462,12.899,0
55.755245427,37.646027600,12.964,0
55.755227903,37.646034598,13.033,0
55.755210387,37.646041667,13.105,0
55.755192909,37.646049015,13.141,0
55.755175457,37.646056568,13.194,0
55.755158002,37.646064093,13.263,0
55.755140551,37.646071646,13.286,0
55.755123106,37.646079243,13.278,0
55.755105683,37.646086992,13.293,0
55.755088288,37.646094941,13.345,0
55.755070899,37.646102937,13.387,0
55.755053496,37.646110833,13.438,0
55.755036082,37.646118650,13.493,0
55.755018668,37.646126465,13.545,0
55.755001257,37.646134303,13.606,0
55.754983848,37.646142160,13.668,0
55.754966443,37.646150038,13.730,0
55.754949040,37.646157932,13.796,0
55.754931639,37.646165844,13.850,0
55.754914261,37.646173907,13.901,0
55.754896922,37.646182230,13.977,0
55.754879622,37.646190806,14.061,0
55.754862339,37.646199489,14.133,0
55.754845058,37.646208186,14.171,0
55.754827763,37.646216793,14.206,0
55.754810452,37.646225303,14.267,0
55.754793144,37.646233831,14.329,0
55.754775835,37.646242351,14.402,0
55.754758512,37.646250780,14.455,0
55.754741173,37.646259106,14.484,0
55.754723829,37.646267397,14.509,0
55.754706481,37.646275661,14.558,0
55.754689103,37.646283725,14.634,0
55.754671675,37.646291441,14.701,0
55.754654196,37.646298793,14.713,0
55.754636666,37.646305744,14.714,0
55.754619076,37.646312198,14.756,0
55.754601436,37.646318208,14.838,0
55.754583757,37.646323858,14.906,0
55.754566051,37.646329226,14.955,0
55.754548336,37.646334503,14.999,0
55.754530636,37.646339938,15.059,0
55.754512965,37.646345663,15.124,0
55.754495320,37.646351633,15.198,0
55.754477701,37.646357840,15.245,0
55.754460123,37.646364396,15.290,0
55.754442581,37.646371258,15.348,0
55.754425069,37.646378349,15.393,0
55.754407606,37.646385811,15.452,0
55.754390197,37.646393661,15.522,0
55.754372833,37.646401824,15.597,0
55.754355526,37.646410352,15.679,0
55.754338289,37.646419319,15.745,0
55.754321102,37.646428583,15.798,0
55.754303965,37.646438128,15.862,0
55.754286883,37.646447984,15.924,0
55.754269810,37.646457887,15.981,0
55.754252694,37.646467554,16.046,0
55.754235523,37.646476912,16.109,0
55.754218309,37.646486014,16.147,0
55.754201060,37.646494906,16.198,0
55.754183762,37.646503494,16.287,0
55.754166400,37.646511667,16.371,0
55.754148961,37.646519302,16.459,0
55.754131457,37.646526460,16.529,0
55.754113930,37.646533435,16.570,0
55.754096390,37.646540314,16.619,0
55.754078830,37.646547025,16.663,0
55.754061249,37.646553556,16.738,0
55.754043643,37.646559883,16.826,0
55.754026029,37.646566129,16.906,0
55.754008424,37.646572462,16.975,0
55.753990837,37.646578949,17.037,0
55.753973253,37.646585463,17.102,0
55.753955651,37.646591822,17.159,0
55.753938040,37.646598102,17.238,0
55.753920442,37.646604488,17.296,0
55.753902874,37.646611138,17.333,0
55.753885327,37.646617951,17.391,0
55.753867783,37.646624796,17.444,0
55.753850249,37.646631717,17.504,0
55.753832741,37.646638847,17.559,0
55.753815267,37.646646230,17.599,0
55.753797812,37.646653755,17.644,0
55.753780364,37.646661334,17.693,0
55.753762919,37.646668928,17.755,0
55.753745468,37.646676485,17.823,0
55.753728035,37.646684165,17.888,0
55.753710592,37.646691773,17.940,0
55.753693100,37.646699023,17.997,0
55.753675575,37.646706015,18.071,0
55.753658022,37.646712785,18.140,0
55.753640430,37.646719230,18.196,0
55.753622809,37.646725412,18.226,0
55.753605176,37.646731498,18.242,0
55.753587525,37.646737409,18.302,0
55.753569868,37.646743271,18.383,0
55.753552245,37.646749435,18.479,0
55.753534675,37.646756066,18.573,0
55.753517161,37.646763143,18.640,0
55.753499704,37.646770646,18.699,0
55.753482295,37.646778498,18.743,0
55.753464892,37.646786396,18.773,0
55.753447478,37.646794211,18.802,0
55.753430041,37.646801867,18.825,0
55.753412532,37.646808975,18.869,0
55.753394913,37.646815160,18.962,0
55.753377193,37.646820366,19.034,0
55.753359375,37.646824336,19.102,0
55.753341480,37.646827060,19.148,0
55.753323550,37.646828990,19.170,0
55.753305601,37.646830213,19.186,0
55.753287641,37.646830717,19.183,0
55.753269678,37.646830590,19.193,0
55.753251718,37.646829988,19.252,0
55.753233765,37.646828962,19.334,0
55.753215816,37.646827701,19.402,0
55.753197874,37.646826156,19.439,0
55.753179945,37.646824196,19.481,0
55.753162031,37.646821830,19.496,0
55.753144150,37.646818819,19.523,0
55.753126309,37.646815114,19.598,0
55.753108505,37.646810883,19.660,0
55.753090748,37.646806077,19.703,0
55.753073047,37.646800659,19.737,0
55.753055410,37.646794625,19.762,0
55.753037854,37.646787891,19.798,0
55.753020366,37.646780613,19.817,0
55.753002892,37.646773231,19.874,0
55.752985432,37.646765743,19.954,0
55.752968005,37.646758017,20.016,0
55.752950593,37.646750182,20.077,0
55.752933208,37.646742167,20.150,0
55.752915827,37.646734125,20.186,0
55.752898443,37.646726099,20.225,0
55.752881068,37.646718009,20.290,0
55.752863741,37.646709612,20.338,0
55.752846492,37.646700721,20.387,0
55.752829355,37.646691177,20.440,0
55.752812358,37.646680876,20.476,0
55.752795494,37.646669909,20.531,0
55.752778804,37.646658136,20.582,0
55.752762334,37.646645429,20.629,0
55.752746159,37.646631590,20.667,0
55.752730308,37.646616616,20.704,0
55.752714718,37.646600794,20.747,0
55.752699360,37.646584277,20.806,0
55.752684207,37.646567173,20.848,0
55.752669243,37.646549552,20.909,0
55.752654494,37.646531370,20.975,0
55.752639946,37.646512686,21.045,0
55.752625561,37.646493609,21.099,0
55.752611289,37.646474265,21.153,0
55.752597115,37.646454697,21.214,0
55.752583017,37.646434955,21.304,0
55.752569076,37.646414869,21.370,0
55.752555296,37.646394435,21.427,0
55.752541623,37.646373776,21.477,0
55.752528081,37.646352846,21.540,0
55.752514631,37.646331731,21.640,0
55.752501275,37.646310431,21.745,0
55.752487996,37.646288979,21.807,0
55.752474767,37.646267429,21.859,0
55.752461530,37.646245894,21.907,0
55.752448240,37.646224463,21.969,0
55.752434855,37.646203219,22.024,0
55.752421338,37.646182241,22.074,0
55.752407678,37.646161554,22.125,0
55.752393764,37.646141411,22.187,0
55.752379669,37.646121664,22.251,0
55.752365478,37.646102134,22.293,0
55.752351211,37.646082778,22.364,0
55.752336896,37.646063534,22.429,0
55.752322604,37.646044237,22.484,0
55.752308386,37.646024768,22.519,0
55.752294316,37.646004967,22.556,0
55.752280431,37.645984758,22.592,0
55.752266654,37.645964317,22.647,0
55.752253012,37.645943594,22.707,0
55.752239548,37.645922509,22.766,0
55.752226185,37.645901220,22.819,0
55.752212834,37.645879908,22.885,0
55.752199403,37.645858757,22.945,0
55.752185878,37.645837793,22.996,0
55.752172308,37.645816921,23.047,0
55.752158701,37.645796124,23.104,0
55.752145020,37.645775482,23.154,0
55.752131222,37.645755085,23.190,0
55.752117366,37.645734813,23.216,0
55.752103482,37.645714602,23.274,0
55.752089645,37.645694288,23.332,0
55.752075884,37.645673813,23.407,0
55.752062178,37.645653222,23.472,0
55.752048612,37.645632342,23.510,0
55.752035206,37.645611140,23.547,0
55.752021854,37.645589831,23.579,0
55.752008548,37.645568431,23.621,0
55.751995340,37.645546841,23.672,0
55.751982179,37.645525162,23.718,0
55.751968958,37.645503597,23.747,0
55.751955747,37.645482012,23.779,0
55.751942515,37.645460469,23.839,0
55.751929267,37.645438955,23.893,0
55.751916032,37.645417417,23.943,0
55.751902782,37.645395909,23.983,0
55.751889502,37.645374458,24.027,0
55.751876227,37.645352998,24.082,0
